{"metadata":{},"options":{"compact":false,"sourceMaps":true,"ast":true,"babelrc":false,"configFile":false,"parserOpts":{"sourceType":"module","sourceFileName":"/home/elad/meteorProj/packages/boilerplate-generator/template-web.browser.js","plugins":["*","flow","jsx","asyncGenerators","bigInt","classPrivateMethods","classPrivateProperties","classProperties","doExpressions","dynamicImport","exportDefaultFrom","exportExtensions","exportNamespaceFrom","functionBind","functionSent","importMeta","nullishCoalescingOperator","numericSeparator","objectRestSpread","optionalCatchBinding","optionalChaining",["pipelineOperator",{"proposal":"minimal"}],"throwExpressions","jsx",["flow",{}],["flow",{}],"objectRestSpread","objectRestSpread","dynamicImport","asyncGenerators","classProperties","classPrivateProperties"],"allowImportExportEverywhere":true,"allowReturnOutsideFunction":true,"strictMode":false},"caller":{"name":"meteor","arch":"os.linux.x86_64"},"sourceFileName":"packages/boilerplate-generator/template-web.browser.js","filename":"/home/elad/meteorProj/packages/boilerplate-generator/template-web.browser.js","passPerPreset":false,"envName":"development","cwd":"/home/elad/meteorProj","root":"/home/elad/meteorProj","plugins":[{"key":"transform-react-jsx","visitor":{"_exploded":{},"_verified":{},"JSXNamespacedName":{"enter":[null]},"JSXSpreadChild":{"enter":[null]},"JSXElement":{"exit":[null]},"JSXFragment":{"exit":[null]},"Program":{"enter":[null],"exit":[null]},"JSXAttribute":{"enter":[null]}},"options":{"pragma":"React.createElement","pragmaFrag":"React.Fragment","throwIfNamespace":true,"useBuiltIns":false}},{"key":"transform-react-display-name","visitor":{"ExportDefaultDeclaration":{"enter":[null]},"CallExpression":{"enter":[null]},"_exploded":true,"_verified":true},"options":{}},{"key":"base$0$0","visitor":{"Program":{"enter":[null]},"_exploded":true,"_verified":true},"options":{"generateLetDeclarations":true,"enforceStrictMode":false}},{"key":"syntax-flow","visitor":{"_exploded":true,"_verified":true},"options":{}},{"key":"transform-flow-strip-types","visitor":{"_exploded":{},"_verified":{},"Program":{"enter":[null]},"ImportDeclaration":{"enter":[null,null]},"ClassProperty":{"enter":[null]},"ClassPrivateProperty":{"enter":[null]},"AssignmentPattern":{"enter":[null]},"TypeCastExpression":{"enter":[null,null]},"CallExpression":{"enter":[null]},"OptionalCallExpression":{"enter":[null]},"NewExpression":{"enter":[null]},"ImportSpecifier":{"enter":[null]},"ClassDeclaration":{"enter":[null]},"ClassExpression":{"enter":[null]},"FunctionDeclaration":{"enter":[null]},"FunctionExpression":{"enter":[null]},"ObjectMethod":{"enter":[null]},"ArrowFunctionExpression":{"enter":[null]},"ClassMethod":{"enter":[null]},"ClassPrivateMethod":{"enter":[null]},"AnyTypeAnnotation":{"enter":[null]},"ArrayTypeAnnotation":{"enter":[null]},"BooleanTypeAnnotation":{"enter":[null]},"BooleanLiteralTypeAnnotation":{"enter":[null]},"NullLiteralTypeAnnotation":{"enter":[null]},"ClassImplements":{"enter":[null]},"DeclareClass":{"enter":[null]},"DeclareFunction":{"enter":[null]},"DeclareInterface":{"enter":[null]},"DeclareModule":{"enter":[null]},"DeclareModuleExports":{"enter":[null]},"DeclareTypeAlias":{"enter":[null]},"DeclareOpaqueType":{"enter":[null]},"DeclareVariable":{"enter":[null]},"DeclareExportDeclaration":{"enter":[null]},"DeclareExportAllDeclaration":{"enter":[null]},"DeclaredPredicate":{"enter":[null]},"ExistsTypeAnnotation":{"enter":[null]},"FunctionTypeAnnotation":{"enter":[null]},"FunctionTypeParam":{"enter":[null]},"GenericTypeAnnotation":{"enter":[null]},"InferredPredicate":{"enter":[null]},"InterfaceExtends":{"enter":[null]},"InterfaceDeclaration":{"enter":[null]},"InterfaceTypeAnnotation":{"enter":[null]},"IntersectionTypeAnnotation":{"enter":[null]},"MixedTypeAnnotation":{"enter":[null]},"EmptyTypeAnnotation":{"enter":[null]},"NullableTypeAnnotation":{"enter":[null]},"NumberLiteralTypeAnnotation":{"enter":[null]},"NumberTypeAnnotation":{"enter":[null]},"ObjectTypeAnnotation":{"enter":[null]},"ObjectTypeInternalSlot":{"enter":[null]},"ObjectTypeCallProperty":{"enter":[null]},"ObjectTypeIndexer":{"enter":[null]},"ObjectTypeProperty":{"enter":[null]},"ObjectTypeSpreadProperty":{"enter":[null]},"OpaqueType":{"enter":[null]},"QualifiedTypeIdentifier":{"enter":[null]},"StringLiteralTypeAnnotation":{"enter":[null]},"StringTypeAnnotation":{"enter":[null]},"ThisTypeAnnotation":{"enter":[null]},"TupleTypeAnnotation":{"enter":[null]},"TypeofTypeAnnotation":{"enter":[null]},"TypeAlias":{"enter":[null]},"TypeAnnotation":{"enter":[null]},"TypeParameter":{"enter":[null]},"TypeParameterDeclaration":{"enter":[null]},"TypeParameterInstantiation":{"enter":[null]},"UnionTypeAnnotation":{"enter":[null]},"Variance":{"enter":[null]},"VoidTypeAnnotation":{"enter":[null]},"ExportAllDeclaration":{"enter":[null]},"ExportDefaultDeclaration":{"enter":[null]},"ExportNamedDeclaration":{"enter":[null]}},"options":{}},{"key":"transform-runtime","visitor":{"CallExpression":{"enter":[null]},"BinaryExpression":{"enter":[null]},"MemberExpression":{"enter":[null],"exit":[null]},"_exploded":true,"_verified":true,"Identifier":{"enter":[null]},"JSXIdentifier":{"enter":[null]}},"options":{}},{"key":"syntax-object-rest-spread","visitor":{"_exploded":true,"_verified":true},"options":{}},{"key":"proposal-object-rest-spread","visitor":{"_exploded":{},"_verified":{},"VariableDeclarator":{"enter":[null]},"ExportNamedDeclaration":{"enter":[null]},"CatchClause":{"enter":[null]},"AssignmentExpression":{"enter":[null]},"ObjectExpression":{"enter":[null]},"FunctionDeclaration":{"enter":[null]},"FunctionExpression":{"enter":[null]},"ObjectMethod":{"enter":[null]},"ArrowFunctionExpression":{"enter":[null]},"ClassMethod":{"enter":[null]},"ClassPrivateMethod":{"enter":[null]},"ForInStatement":{"enter":[null]},"ForOfStatement":{"enter":[null]}},"options":{}},{"key":"transform-meteor-async-await","visitor":{"AwaitExpression":{"enter":[null]},"_exploded":true,"_verified":true,"FunctionDeclaration":{"exit":[null]},"FunctionExpression":{"exit":[null]},"ObjectMethod":{"exit":[null]},"ArrowFunctionExpression":{"exit":[null]},"ClassMethod":{"exit":[null]},"ClassPrivateMethod":{"exit":[null]}},"options":{"useNativeAsyncAwait":false}},{"key":"transform-meteor-dynamic-import","visitor":{"_exploded":{},"_verified":{},"CallExpression":{"enter":[null]}},"options":{}},{"key":"proposal-async-generator-functions","visitor":{"_exploded":{},"_verified":{},"Program":{"enter":[null]}},"options":{}},{"key":"transform-modules-commonjs","visitor":{"Program":{"exit":[null]},"_exploded":true,"_verified":true},"options":{"allowTopLevelThis":true,"strictMode":false,"loose":true}},{"key":"proposal-class-properties","visitor":{"PrivateName":{"enter":[null]},"ExportDefaultDeclaration":{"enter":[null]},"_exploded":true,"_verified":true,"ClassDeclaration":{"enter":[null]},"ClassExpression":{"enter":[null]}},"options":{"loose":true}}],"presets":[],"generatorOpts":{"filename":"/home/elad/meteorProj/packages/boilerplate-generator/template-web.browser.js","comments":true,"compact":false,"sourceMaps":true,"sourceFileName":"packages/boilerplate-generator/template-web.browser.js"}},"code":"module.export({\n  headTemplate: () => headTemplate,\n  closeTemplate: () => closeTemplate\n});\nlet template;\nmodule.link(\"./template\", {\n  default(v) {\n    template = v;\n  }\n\n}, 0);\n\nconst sri = (sri, mode) => sri && mode ? ` integrity=\"sha512-${sri}\" crossorigin=\"${mode}\"` : '';\n\nconst headTemplate = ({\n  css,\n  htmlAttributes,\n  bundledJsCssUrlRewriteHook,\n  sriMode,\n  head,\n  dynamicHead\n}) => {\n  var headSections = head.split(/<meteor-bundled-css[^<>]*>/, 2);\n  var cssBundle = [...(css || []).map(file => template('  <link rel=\"stylesheet\" type=\"text/css\" class=\"__meteor-css__\" href=\"<%- href %>\"<%= sri %>>')({\n    href: bundledJsCssUrlRewriteHook(file.url),\n    sri: sri(file.sri, sriMode)\n  }))].join('\\n');\n  return ['<html' + Object.keys(htmlAttributes || {}).map(key => template(' <%= attrName %>=\"<%- attrValue %>\"')({\n    attrName: key,\n    attrValue: htmlAttributes[key]\n  })).join('') + '>', '<head>', headSections.length === 1 ? [cssBundle, headSections[0]].join('\\n') : [headSections[0], cssBundle, headSections[1]].join('\\n'), dynamicHead, '</head>', '<body>'].join('\\n');\n};\n\nconst closeTemplate = ({\n  meteorRuntimeConfig,\n  rootUrlPathPrefix,\n  inlineScriptsAllowed,\n  js,\n  additionalStaticJs,\n  bundledJsCssUrlRewriteHook,\n  sriMode\n}) => ['', inlineScriptsAllowed ? template('  <script type=\"text/javascript\">__meteor_runtime_config__ = JSON.parse(decodeURIComponent(<%= conf %>))</script>')({\n  conf: meteorRuntimeConfig\n}) : template('  <script type=\"text/javascript\" src=\"<%- src %>/meteor_runtime_config.js\"></script>')({\n  src: rootUrlPathPrefix\n}), '', ...(js || []).map(file => template('  <script type=\"text/javascript\" src=\"<%- src %>\"<%= sri %>></script>')({\n  src: bundledJsCssUrlRewriteHook(file.url),\n  sri: sri(file.sri, sriMode)\n})), ...(additionalStaticJs || []).map(({\n  contents,\n  pathname\n}) => inlineScriptsAllowed ? template('  <script><%= contents %></script>')({\n  contents\n}) : template('  <script type=\"text/javascript\" src=\"<%- src %>\"></script>')({\n  src: rootUrlPathPrefix + pathname\n})), '', '', '</body>', '</html>'].join('\\n');","map":{"version":3,"sources":["packages/boilerplate-generator/template-web.browser.js"],"names":["module","export","headTemplate","closeTemplate","template","link","default","v","sri","mode","css","htmlAttributes","bundledJsCssUrlRewriteHook","sriMode","head","dynamicHead","headSections","split","cssBundle","map","file","href","url","join","Object","keys","key","attrName","attrValue","length","meteorRuntimeConfig","rootUrlPathPrefix","inlineScriptsAllowed","js","additionalStaticJs","conf","src","contents","pathname"],"mappings":"AAAAA,MAAM,CAACC,MAAP,CAAc;AAACC,EAAAA,YAAY,EAAC,MAAIA,YAAlB;AAA+BC,EAAAA,aAAa,EAAC,MAAIA;AAAjD,CAAd;AAA+E,IAAIC,QAAJ;AAAaJ,MAAM,CAACK,IAAP,CAAY,YAAZ,EAAyB;AAACC,EAAAA,OAAO,CAACC,CAAD,EAAG;AAACH,IAAAA,QAAQ,GAACG,CAAT;AAAW;;AAAvB,CAAzB,EAAkD,CAAlD;;AAE5F,MAAMC,GAAG,GAAG,CAACA,GAAD,EAAMC,IAAN,KACTD,GAAG,IAAIC,IAAR,GAAiB,sBAAqBD,GAAI,kBAAiBC,IAAK,GAAhE,GAAqE,EADvE;;AAGO,MAAMP,YAAY,GAAG,CAAC;AAC3BQ,EAAAA,GAD2B;AAE3BC,EAAAA,cAF2B;AAG3BC,EAAAA,0BAH2B;AAI3BC,EAAAA,OAJ2B;AAK3BC,EAAAA,IAL2B;AAM3BC,EAAAA;AAN2B,CAAD,KAOtB;AACJ,MAAIC,YAAY,GAAGF,IAAI,CAACG,KAAL,CAAW,4BAAX,EAAyC,CAAzC,CAAnB;AACA,MAAIC,SAAS,GAAG,CAAC,GAAG,CAACR,GAAG,IAAI,EAAR,EAAYS,GAAZ,CAAgBC,IAAI,IACtChB,QAAQ,CAAC,+FAAD,CAAR,CAA0G;AACxGiB,IAAAA,IAAI,EAAET,0BAA0B,CAACQ,IAAI,CAACE,GAAN,CADwE;AAExGd,IAAAA,GAAG,EAAEA,GAAG,CAACY,IAAI,CAACZ,GAAN,EAAWK,OAAX;AAFgG,GAA1G,CADkB,CAAJ,EAKbU,IALa,CAKR,IALQ,CAAhB;AAOA,SAAO,CACL,UAAUC,MAAM,CAACC,IAAP,CAAYd,cAAc,IAAI,EAA9B,EAAkCQ,GAAlC,CACRO,GAAG,IAAItB,QAAQ,CAAC,qCAAD,CAAR,CAAgD;AACrDuB,IAAAA,QAAQ,EAAED,GAD2C;AAErDE,IAAAA,SAAS,EAAEjB,cAAc,CAACe,GAAD;AAF4B,GAAhD,CADC,EAKRH,IALQ,CAKH,EALG,CAAV,GAKa,GANR,EAQL,QARK,EAUJP,YAAY,CAACa,MAAb,KAAwB,CAAzB,GACI,CAACX,SAAD,EAAYF,YAAY,CAAC,CAAD,CAAxB,EAA6BO,IAA7B,CAAkC,IAAlC,CADJ,GAEI,CAACP,YAAY,CAAC,CAAD,CAAb,EAAkBE,SAAlB,EAA6BF,YAAY,CAAC,CAAD,CAAzC,EAA8CO,IAA9C,CAAmD,IAAnD,CAZC,EAcLR,WAdK,EAeL,SAfK,EAgBL,QAhBK,EAiBLQ,IAjBK,CAiBA,IAjBA,CAAP;AAkBD,CAlCM;;AAqCA,MAAMpB,aAAa,GAAG,CAAC;AAC5B2B,EAAAA,mBAD4B;AAE5BC,EAAAA,iBAF4B;AAG5BC,EAAAA,oBAH4B;AAI5BC,EAAAA,EAJ4B;AAK5BC,EAAAA,kBAL4B;AAM5BtB,EAAAA,0BAN4B;AAO5BC,EAAAA;AAP4B,CAAD,KAQvB,CACJ,EADI,EAEJmB,oBAAoB,GAChB5B,QAAQ,CAAC,mHAAD,CAAR,CAA8H;AAC9H+B,EAAAA,IAAI,EAAEL;AADwH,CAA9H,CADgB,GAIhB1B,QAAQ,CAAC,sFAAD,CAAR,CAAiG;AACjGgC,EAAAA,GAAG,EAAEL;AAD4F,CAAjG,CANA,EASJ,EATI,EAWJ,GAAG,CAACE,EAAE,IAAI,EAAP,EAAWd,GAAX,CAAeC,IAAI,IACpBhB,QAAQ,CAAC,uEAAD,CAAR,CAAkF;AAChFgC,EAAAA,GAAG,EAAExB,0BAA0B,CAACQ,IAAI,CAACE,GAAN,CADiD;AAEhFd,EAAAA,GAAG,EAAEA,GAAG,CAACY,IAAI,CAACZ,GAAN,EAAWK,OAAX;AAFwE,CAAlF,CADC,CAXC,EAkBJ,GAAG,CAACqB,kBAAkB,IAAI,EAAvB,EAA2Bf,GAA3B,CAA+B,CAAC;AAAEkB,EAAAA,QAAF;AAAYC,EAAAA;AAAZ,CAAD,KAChCN,oBAAoB,GAChB5B,QAAQ,CAAC,oCAAD,CAAR,CAA+C;AAC/CiC,EAAAA;AAD+C,CAA/C,CADgB,GAIhBjC,QAAQ,CAAC,6DAAD,CAAR,CAAwE;AACxEgC,EAAAA,GAAG,EAAEL,iBAAiB,GAAGO;AAD+C,CAAxE,CALH,CAlBC,EA4BJ,EA5BI,EA6BJ,EA7BI,EA8BJ,SA9BI,EA+BJ,SA/BI,EAgCJf,IAhCI,CAgCC,IAhCD,CARC","sourcesContent":["import template from './template';\n\nconst sri = (sri, mode) =>\n  (sri && mode) ? ` integrity=\"sha512-${sri}\" crossorigin=\"${mode}\"` : '';\n\nexport const headTemplate = ({\n  css,\n  htmlAttributes,\n  bundledJsCssUrlRewriteHook,\n  sriMode,\n  head,\n  dynamicHead,\n}) => {\n  var headSections = head.split(/<meteor-bundled-css[^<>]*>/, 2);\n  var cssBundle = [...(css || []).map(file =>\n    template('  <link rel=\"stylesheet\" type=\"text/css\" class=\"__meteor-css__\" href=\"<%- href %>\"<%= sri %>>')({\n      href: bundledJsCssUrlRewriteHook(file.url),\n      sri: sri(file.sri, sriMode),\n    })\n  )].join('\\n');\n\n  return [\n    '<html' + Object.keys(htmlAttributes || {}).map(\n      key => template(' <%= attrName %>=\"<%- attrValue %>\"')({\n        attrName: key,\n        attrValue: htmlAttributes[key],\n      })\n    ).join('') + '>',\n\n    '<head>',\n\n    (headSections.length === 1)\n      ? [cssBundle, headSections[0]].join('\\n')\n      : [headSections[0], cssBundle, headSections[1]].join('\\n'),\n\n    dynamicHead,\n    '</head>',\n    '<body>',\n  ].join('\\n');\n};\n\n// Template function for rendering the boilerplate html for browsers\nexport const closeTemplate = ({\n  meteorRuntimeConfig,\n  rootUrlPathPrefix,\n  inlineScriptsAllowed,\n  js,\n  additionalStaticJs,\n  bundledJsCssUrlRewriteHook,\n  sriMode,\n}) => [\n  '',\n  inlineScriptsAllowed\n    ? template('  <script type=\"text/javascript\">__meteor_runtime_config__ = JSON.parse(decodeURIComponent(<%= conf %>))</script>')({\n      conf: meteorRuntimeConfig,\n    })\n    : template('  <script type=\"text/javascript\" src=\"<%- src %>/meteor_runtime_config.js\"></script>')({\n      src: rootUrlPathPrefix,\n    }),\n  '',\n\n  ...(js || []).map(file =>\n    template('  <script type=\"text/javascript\" src=\"<%- src %>\"<%= sri %>></script>')({\n      src: bundledJsCssUrlRewriteHook(file.url),\n      sri: sri(file.sri, sriMode),\n    })\n  ),\n\n  ...(additionalStaticJs || []).map(({ contents, pathname }) => (\n    inlineScriptsAllowed\n      ? template('  <script><%= contents %></script>')({\n        contents,\n      })\n      : template('  <script type=\"text/javascript\" src=\"<%- src %>\"></script>')({\n        src: rootUrlPathPrefix + pathname,\n      })\n  )),\n\n  '',\n  '',\n  '</body>',\n  '</html>'\n].join('\\n');\n"]},"sourceType":"script","hash":"17601fab39cfbea6aa928c84c4a2a605a4b3d98f"}
