{"metadata":{},"options":{"compact":false,"sourceMaps":true,"ast":true,"babelrc":false,"configFile":false,"parserOpts":{"sourceType":"module","sourceFileName":"/home/elad/meteorProj/packages/reload/reload.js","plugins":["*","flow","jsx","asyncGenerators","bigInt","classPrivateMethods","classPrivateProperties","classProperties","doExpressions","dynamicImport","exportDefaultFrom","exportExtensions","exportNamespaceFrom","functionBind","functionSent","importMeta","nullishCoalescingOperator","numericSeparator","objectRestSpread","optionalCatchBinding","optionalChaining",["pipelineOperator",{"proposal":"minimal"}],"throwExpressions","dynamicImport","classProperties","classPrivateProperties","jsx",["flow",{}],"asyncGenerators","objectRestSpread","objectRestSpread",["flow",{}],"asyncGenerators"],"allowImportExportEverywhere":true,"allowReturnOutsideFunction":true,"strictMode":false},"caller":{"name":"meteor","arch":"web.browser"},"sourceFileName":"packages/reload/reload.js","filename":"/home/elad/meteorProj/packages/reload/reload.js","passPerPreset":false,"envName":"development","cwd":"/home/elad/meteorProj","root":"/home/elad/meteorProj","plugins":[{"key":"base$0$0","visitor":{"Program":{"enter":[null]},"_exploded":true,"_verified":true},"options":{"generateLetDeclarations":true,"enforceStrictMode":false}},{"key":"transform-meteor-dynamic-import","visitor":{"_exploded":{},"_verified":{},"CallExpression":{"enter":[null]}},"options":{}},{"key":"transform-runtime","visitor":{"CallExpression":{"enter":[null]},"BinaryExpression":{"enter":[null]},"MemberExpression":{"enter":[null],"exit":[null]},"_exploded":true,"_verified":true,"Identifier":{"enter":[null]},"JSXIdentifier":{"enter":[null]}},"options":{}},{"key":"proposal-class-properties","visitor":{"PrivateName":{"enter":[null]},"ExportDefaultDeclaration":{"enter":[null]},"_exploded":true,"_verified":true,"ClassDeclaration":{"enter":[null]},"ClassExpression":{"enter":[null]}},"options":{"loose":true}},{"key":"transform-modules-commonjs","visitor":{"Program":{"exit":[null]},"_exploded":true,"_verified":true},"options":{"allowTopLevelThis":true,"strictMode":false,"loose":true}},{"key":"transform-react-jsx","visitor":{"_exploded":{},"_verified":{},"JSXNamespacedName":{"enter":[null]},"JSXSpreadChild":{"enter":[null]},"JSXElement":{"exit":[null]},"JSXFragment":{"exit":[null]},"Program":{"enter":[null],"exit":[null]},"JSXAttribute":{"enter":[null]}},"options":{"pragma":"React.createElement","pragmaFrag":"React.Fragment","throwIfNamespace":true,"useBuiltIns":false}},{"key":"transform-react-display-name","visitor":{"ExportDefaultDeclaration":{"enter":[null]},"CallExpression":{"enter":[null]},"_exploded":true,"_verified":true},"options":{}},{"key":"syntax-flow","visitor":{"_exploded":true,"_verified":true},"options":{}},{"key":"syntax-async-generators","visitor":{"_exploded":true,"_verified":true},"options":{}},{"key":"syntax-object-rest-spread","visitor":{"_exploded":true,"_verified":true},"options":{}},{"key":"transform-for-of","visitor":{"ForOfStatement":{"enter":[null]},"_exploded":true,"_verified":true},"options":{"loose":true}},{"key":"transform-literals","visitor":{"NumericLiteral":{"enter":[null]},"StringLiteral":{"enter":[null]},"_exploded":true,"_verified":true},"options":{}},{"key":"transform-template-literals","visitor":{"TaggedTemplateExpression":{"enter":[null]},"TemplateLiteral":{"enter":[null]},"_exploded":true,"_verified":true},"options":{}},{"key":"transform-parameters","visitor":{"_exploded":true,"_verified":true,"FunctionDeclaration":{"enter":[null]},"FunctionExpression":{"enter":[null]},"ObjectMethod":{"enter":[null]},"ArrowFunctionExpression":{"enter":[null]},"ClassMethod":{"enter":[null]},"ClassPrivateMethod":{"enter":[null]}},"options":{}},{"key":"proposal-object-rest-spread","visitor":{"_exploded":{},"_verified":{},"VariableDeclarator":{"enter":[null]},"ExportNamedDeclaration":{"enter":[null]},"CatchClause":{"enter":[null]},"AssignmentExpression":{"enter":[null]},"ObjectExpression":{"enter":[null]},"FunctionDeclaration":{"enter":[null]},"FunctionExpression":{"enter":[null]},"ObjectMethod":{"enter":[null]},"ArrowFunctionExpression":{"enter":[null]},"ClassMethod":{"enter":[null]},"ClassPrivateMethod":{"enter":[null]},"ForInStatement":{"enter":[null]},"ForOfStatement":{"enter":[null]}},"options":{}},{"key":"transform-flow-strip-types","visitor":{"_exploded":{},"_verified":{},"Program":{"enter":[null]},"ImportDeclaration":{"enter":[null,null]},"ClassProperty":{"enter":[null]},"ClassPrivateProperty":{"enter":[null]},"AssignmentPattern":{"enter":[null]},"TypeCastExpression":{"enter":[null,null]},"CallExpression":{"enter":[null]},"OptionalCallExpression":{"enter":[null]},"NewExpression":{"enter":[null]},"ImportSpecifier":{"enter":[null]},"ClassDeclaration":{"enter":[null]},"ClassExpression":{"enter":[null]},"FunctionDeclaration":{"enter":[null]},"FunctionExpression":{"enter":[null]},"ObjectMethod":{"enter":[null]},"ArrowFunctionExpression":{"enter":[null]},"ClassMethod":{"enter":[null]},"ClassPrivateMethod":{"enter":[null]},"AnyTypeAnnotation":{"enter":[null]},"ArrayTypeAnnotation":{"enter":[null]},"BooleanTypeAnnotation":{"enter":[null]},"BooleanLiteralTypeAnnotation":{"enter":[null]},"NullLiteralTypeAnnotation":{"enter":[null]},"ClassImplements":{"enter":[null]},"DeclareClass":{"enter":[null]},"DeclareFunction":{"enter":[null]},"DeclareInterface":{"enter":[null]},"DeclareModule":{"enter":[null]},"DeclareModuleExports":{"enter":[null]},"DeclareTypeAlias":{"enter":[null]},"DeclareOpaqueType":{"enter":[null]},"DeclareVariable":{"enter":[null]},"DeclareExportDeclaration":{"enter":[null]},"DeclareExportAllDeclaration":{"enter":[null]},"DeclaredPredicate":{"enter":[null]},"ExistsTypeAnnotation":{"enter":[null]},"FunctionTypeAnnotation":{"enter":[null]},"FunctionTypeParam":{"enter":[null]},"GenericTypeAnnotation":{"enter":[null]},"InferredPredicate":{"enter":[null]},"InterfaceExtends":{"enter":[null]},"InterfaceDeclaration":{"enter":[null]},"InterfaceTypeAnnotation":{"enter":[null]},"IntersectionTypeAnnotation":{"enter":[null]},"MixedTypeAnnotation":{"enter":[null]},"EmptyTypeAnnotation":{"enter":[null]},"NullableTypeAnnotation":{"enter":[null]},"NumberLiteralTypeAnnotation":{"enter":[null]},"NumberTypeAnnotation":{"enter":[null]},"ObjectTypeAnnotation":{"enter":[null]},"ObjectTypeInternalSlot":{"enter":[null]},"ObjectTypeCallProperty":{"enter":[null]},"ObjectTypeIndexer":{"enter":[null]},"ObjectTypeProperty":{"enter":[null]},"ObjectTypeSpreadProperty":{"enter":[null]},"OpaqueType":{"enter":[null]},"QualifiedTypeIdentifier":{"enter":[null]},"StringLiteralTypeAnnotation":{"enter":[null]},"StringTypeAnnotation":{"enter":[null]},"ThisTypeAnnotation":{"enter":[null]},"TupleTypeAnnotation":{"enter":[null]},"TypeofTypeAnnotation":{"enter":[null]},"TypeAlias":{"enter":[null]},"TypeAnnotation":{"enter":[null]},"TypeParameter":{"enter":[null]},"TypeParameterDeclaration":{"enter":[null]},"TypeParameterInstantiation":{"enter":[null]},"UnionTypeAnnotation":{"enter":[null]},"Variance":{"enter":[null]},"VoidTypeAnnotation":{"enter":[null]},"ExportAllDeclaration":{"enter":[null]},"ExportDefaultDeclaration":{"enter":[null]},"ExportNamedDeclaration":{"enter":[null]}},"options":{}},{"key":"transform-exponentiation-operator","visitor":{"AssignmentExpression":{"enter":[null]},"BinaryExpression":{"enter":[null]},"_exploded":true,"_verified":true},"options":{}},{"key":"proposal-async-generator-functions","visitor":{"_exploded":{},"_verified":{},"Program":{"enter":[null]}},"options":{}}],"presets":[],"generatorOpts":{"filename":"/home/elad/meteorProj/packages/reload/reload.js","comments":true,"compact":false,"sourceMaps":true,"sourceFileName":"packages/reload/reload.js"}},"code":"module.export({\n  Reload: () => Reload\n});\nconst Reload = {};\nvar KEY_NAME = 'Meteor_Reload';\nvar old_data = {}; // read in old data at startup.\n\nvar old_json; // This logic for sessionStorage detection is based on browserstate/history.js\n\nvar safeSessionStorage = null;\n\ntry {\n  // This throws a SecurityError on Chrome if cookies & localStorage are\n  // explicitly disabled\n  //\n  // On Firefox with dom.storage.enabled set to false, sessionStorage is null\n  //\n  // We can't even do (typeof sessionStorage) on Chrome, it throws.  So we rely\n  // on the throw if sessionStorage == null; the alternative is browser\n  // detection, but this seems better.\n  safeSessionStorage = window.sessionStorage; // Check we can actually use it\n\n  if (safeSessionStorage) {\n    safeSessionStorage.setItem('__dummy__', '1');\n    safeSessionStorage.removeItem('__dummy__');\n  } else {\n    // Be consistently null, for safety\n    safeSessionStorage = null;\n  }\n} catch (e) {\n  // Expected on chrome with strict security, or if sessionStorage not supported\n  safeSessionStorage = null;\n} // Exported for test.\n\n\nReload._getData = function () {\n  return safeSessionStorage && safeSessionStorage.getItem(KEY_NAME);\n};\n\nif (safeSessionStorage) {\n  old_json = Reload._getData();\n  safeSessionStorage.removeItem(KEY_NAME);\n} else {// Unsupported browser (IE 6,7) or locked down security settings.\n  // No session resumption.\n  // Meteor._debug(\"XXX UNSUPPORTED BROWSER/SETTINGS\");\n}\n\nif (!old_json) old_json = '{}';\nvar old_parsed = {};\n\ntry {\n  old_parsed = JSON.parse(old_json);\n\n  if (typeof old_parsed !== \"object\") {\n    Meteor._debug(\"Got bad data on reload. Ignoring.\");\n\n    old_parsed = {};\n  }\n} catch (err) {\n  Meteor._debug(\"Got invalid JSON on reload. Ignoring.\");\n}\n\nif (old_parsed.reload && typeof old_parsed.data === \"object\") {\n  // Meteor._debug(\"Restoring reload data.\");\n  old_data = old_parsed.data;\n}\n\nvar providers = []; ////////// External API //////////\n// Packages that support migration should register themselves by calling\n// this function. When it's time to migrate, callback will be called\n// with one argument, the \"retry function,\" and an optional 'option'\n// argument (containing a key 'immediateMigration'). If the package\n// is ready to migrate, it should return [true, data], where data is\n// its migration data, an arbitrary JSON value (or [true] if it has\n// no migration data this time). If the package needs more time\n// before it is ready to migrate, it should return false. Then, once\n// it is ready to migrating again, it should call the retry\n// function. The retry function will return immediately, but will\n// schedule the migration to be retried, meaning that every package\n// will be polled once again for its migration data. If they are all\n// ready this time, then the migration will happen. name must be set if there\n// is migration data. If 'immediateMigration' is set in the options\n// argument, then it doesn't matter whether the package is ready to\n// migrate or not; the reload will happen immediately without waiting\n// (used for OAuth redirect login).\n//\n\nReload._onMigrate = function (name, callback) {\n  if (!callback) {\n    // name not provided, so first arg is callback.\n    callback = name;\n    name = undefined;\n  }\n\n  providers.push({\n    name: name,\n    callback: callback\n  });\n}; // Called by packages when they start up.\n// Returns the object that was saved, or undefined if none saved.\n//\n\n\nReload._migrationData = function (name) {\n  return old_data[name];\n}; // Options are the same as for `Reload._migrate`.\n\n\nvar pollProviders = function (tryReload, options) {\n  tryReload = tryReload || function () {};\n\n  options = options || {};\n  var migrationData = {};\n  var remaining = providers.slice(0);\n  var allReady = true;\n\n  while (remaining.length) {\n    var p = remaining.shift();\n    var status = p.callback(tryReload, options);\n    if (!status[0]) allReady = false;\n    if (status.length > 1 && p.name) migrationData[p.name] = status[1];\n  }\n\n  ;\n  if (allReady || options.immediateMigration) return migrationData;else return null;\n}; // Options are:\n//  - immediateMigration: true if the page will be reloaded immediately\n//    regardless of whether packages report that they are ready or not.\n\n\nReload._migrate = function (tryReload, options) {\n  // Make sure each package is ready to go, and collect their\n  // migration data\n  var migrationData = pollProviders(tryReload, options);\n  if (migrationData === null) return false; // not ready yet..\n\n  try {\n    // Persist the migration data\n    var json = JSON.stringify({\n      data: migrationData,\n      reload: true\n    });\n  } catch (err) {\n    Meteor._debug(\"Couldn't serialize data for migration\", migrationData);\n\n    throw err;\n  }\n\n  if (safeSessionStorage) {\n    try {\n      safeSessionStorage.setItem(KEY_NAME, json);\n    } catch (err) {\n      // We should have already checked this, but just log - don't throw\n      Meteor._debug(\"Couldn't save data for migration to sessionStorage\", err);\n    }\n  } else {\n    Meteor._debug(\"Browser does not support sessionStorage. Not saving migration state.\");\n  }\n\n  return true;\n}; // Allows tests to isolate the list of providers.\n\n\nReload._withFreshProvidersForTest = function (f) {\n  var originalProviders = providers.slice(0);\n  providers = [];\n\n  try {\n    f();\n  } finally {\n    providers = originalProviders;\n  }\n}; // Migrating reload: reload this page (presumably to pick up a new\n// version of the code or assets), but save the program state and\n// migrate it over. This function returns immediately. The reload\n// will happen at some point in the future once all of the packages\n// are ready to migrate.\n//\n\n\nvar reloading = false;\n\nReload._reload = function (options) {\n  options = options || {};\n  if (reloading) return;\n  reloading = true;\n\n  function tryReload() {\n    setTimeout(reload, 1);\n  }\n\n  function forceBrowserReload() {\n    // We'd like to make the browser reload the page using location.replace()\n    // instead of location.reload(), because this avoids validating assets\n    // with the server if we still have a valid cached copy. This doesn't work\n    // when the location contains a hash however, because that wouldn't reload\n    // the page and just scroll to the hash location instead.\n    if (window.location.hash || window.location.href.endsWith(\"#\")) {\n      window.location.reload();\n    } else {\n      window.location.replace(window.location.href);\n    }\n  }\n\n  function reload() {\n    if (Reload._migrate(tryReload, options)) {\n      if (Meteor.isCordova) {\n        WebAppLocalServer.switchToPendingVersion(() => {\n          forceBrowserReload();\n        });\n      } else {\n        forceBrowserReload();\n      }\n    }\n  }\n\n  tryReload();\n};","map":{"version":3,"sources":["packages/reload/reload.js"],"names":["module","export","Reload","KEY_NAME","old_data","old_json","safeSessionStorage","window","sessionStorage","setItem","removeItem","e","_getData","getItem","old_parsed","JSON","parse","Meteor","_debug","err","reload","data","providers","_onMigrate","name","callback","undefined","push","_migrationData","pollProviders","tryReload","options","migrationData","remaining","slice","allReady","length","p","shift","status","immediateMigration","_migrate","json","stringify","_withFreshProvidersForTest","f","originalProviders","reloading","_reload","setTimeout","forceBrowserReload","location","hash","href","endsWith","replace","isCordova","WebAppLocalServer","switchToPendingVersion"],"mappings":"AAAAA,MAAM,CAACC,MAAP,CAAc;AAACC,EAAAA,MAAM,EAAC,MAAIA;AAAZ,CAAd;AAiCO,MAAMA,MAAM,GAAG,EAAf;AAEP,IAAIC,QAAQ,GAAG,eAAf;AAEA,IAAIC,QAAQ,GAAG,EAAf,C,CACA;;AACA,IAAIC,QAAJ,C,CAEA;;AACA,IAAIC,kBAAkB,GAAG,IAAzB;;AACA,IAAI;AACF;AACA;AACA;AACA;AACA;AACA;AACA;AACA;AACAA,EAAAA,kBAAkB,GAAGC,MAAM,CAACC,cAA5B,CATE,CAWF;;AACA,MAAIF,kBAAJ,EAAwB;AACtBA,IAAAA,kBAAkB,CAACG,OAAnB,CAA2B,WAA3B,EAAwC,GAAxC;AACAH,IAAAA,kBAAkB,CAACI,UAAnB,CAA8B,WAA9B;AACD,GAHD,MAGO;AACL;AACAJ,IAAAA,kBAAkB,GAAG,IAArB;AACD;AACF,CAnBD,CAmBE,OAAOK,CAAP,EAAU;AACV;AACAL,EAAAA,kBAAkB,GAAG,IAArB;AACD,C,CAED;;;AACAJ,MAAM,CAACU,QAAP,GAAkB,YAAY;AAC5B,SAAON,kBAAkB,IAAIA,kBAAkB,CAACO,OAAnB,CAA2BV,QAA3B,CAA7B;AACD,CAFD;;AAIA,IAAIG,kBAAJ,EAAwB;AACtBD,EAAAA,QAAQ,GAAGH,MAAM,CAACU,QAAP,EAAX;AACAN,EAAAA,kBAAkB,CAACI,UAAnB,CAA8BP,QAA9B;AACD,CAHD,MAGO,CACL;AACA;AACA;AACD;;AAED,IAAI,CAACE,QAAL,EAAeA,QAAQ,GAAG,IAAX;AACf,IAAIS,UAAU,GAAG,EAAjB;;AACA,IAAI;AACFA,EAAAA,UAAU,GAAGC,IAAI,CAACC,KAAL,CAAWX,QAAX,CAAb;;AACA,MAAI,OAAOS,UAAP,KAAsB,QAA1B,EAAoC;AAClCG,IAAAA,MAAM,CAACC,MAAP,CAAc,mCAAd;;AACAJ,IAAAA,UAAU,GAAG,EAAb;AACD;AACF,CAND,CAME,OAAOK,GAAP,EAAY;AACZF,EAAAA,MAAM,CAACC,MAAP,CAAc,uCAAd;AACD;;AAED,IAAIJ,UAAU,CAACM,MAAX,IAAqB,OAAON,UAAU,CAACO,IAAlB,KAA2B,QAApD,EAA8D;AAC5D;AACAjB,EAAAA,QAAQ,GAAGU,UAAU,CAACO,IAAtB;AACD;;AAGD,IAAIC,SAAS,GAAG,EAAhB,C,CAEA;AAEA;AACA;AACA;AACA;AACA;AACA;AACA;AACA;AACA;AACA;AACA;AACA;AACA;AACA;AACA;AACA;AACA;AACA;;AACApB,MAAM,CAACqB,UAAP,GAAoB,UAAUC,IAAV,EAAgBC,QAAhB,EAA0B;AAC5C,MAAI,CAACA,QAAL,EAAe;AACb;AACAA,IAAAA,QAAQ,GAAGD,IAAX;AACAA,IAAAA,IAAI,GAAGE,SAAP;AACD;;AACDJ,EAAAA,SAAS,CAACK,IAAV,CAAe;AAAEH,IAAAA,IAAI,EAAEA,IAAR;AAAcC,IAAAA,QAAQ,EAAEA;AAAxB,GAAf;AACD,CAPD,C,CASA;AACA;AACA;;;AACAvB,MAAM,CAAC0B,cAAP,GAAwB,UAAUJ,IAAV,EAAgB;AACtC,SAAOpB,QAAQ,CAACoB,IAAD,CAAf;AACD,CAFD,C,CAIA;;;AACA,IAAIK,aAAa,GAAG,UAAUC,SAAV,EAAqBC,OAArB,EAA8B;AAChDD,EAAAA,SAAS,GAAGA,SAAS,IAAI,YAAY,CAAE,CAAvC;;AACAC,EAAAA,OAAO,GAAGA,OAAO,IAAI,EAArB;AAEA,MAAIC,aAAa,GAAG,EAApB;AACA,MAAIC,SAAS,GAAGX,SAAS,CAACY,KAAV,CAAgB,CAAhB,CAAhB;AACA,MAAIC,QAAQ,GAAG,IAAf;;AACA,SAAOF,SAAS,CAACG,MAAjB,EAAyB;AACvB,QAAIC,CAAC,GAAGJ,SAAS,CAACK,KAAV,EAAR;AACA,QAAIC,MAAM,GAAGF,CAAC,CAACZ,QAAF,CAAWK,SAAX,EAAsBC,OAAtB,CAAb;AACA,QAAI,CAACQ,MAAM,CAAC,CAAD,CAAX,EACEJ,QAAQ,GAAG,KAAX;AACF,QAAII,MAAM,CAACH,MAAP,GAAgB,CAAhB,IAAqBC,CAAC,CAACb,IAA3B,EACEQ,aAAa,CAACK,CAAC,CAACb,IAAH,CAAb,GAAwBe,MAAM,CAAC,CAAD,CAA9B;AACH;;AAAA;AACD,MAAIJ,QAAQ,IAAIJ,OAAO,CAACS,kBAAxB,EACE,OAAOR,aAAP,CADF,KAGE,OAAO,IAAP;AACH,CAnBD,C,CAqBA;AACA;AACA;;;AACA9B,MAAM,CAACuC,QAAP,GAAkB,UAAUX,SAAV,EAAqBC,OAArB,EAA8B;AAC9C;AACA;AACA,MAAIC,aAAa,GAAGH,aAAa,CAACC,SAAD,EAAYC,OAAZ,CAAjC;AACA,MAAIC,aAAa,KAAK,IAAtB,EACE,OAAO,KAAP,CAL4C,CAK9B;;AAEhB,MAAI;AACF;AACA,QAAIU,IAAI,GAAG3B,IAAI,CAAC4B,SAAL,CAAe;AACxBtB,MAAAA,IAAI,EAAEW,aADkB;AACHZ,MAAAA,MAAM,EAAE;AADL,KAAf,CAAX;AAGD,GALD,CAKE,OAAOD,GAAP,EAAY;AACZF,IAAAA,MAAM,CAACC,MAAP,CAAc,uCAAd,EAAuDc,aAAvD;;AACA,UAAMb,GAAN;AACD;;AAED,MAAIb,kBAAJ,EAAwB;AACtB,QAAI;AACFA,MAAAA,kBAAkB,CAACG,OAAnB,CAA2BN,QAA3B,EAAqCuC,IAArC;AACD,KAFD,CAEE,OAAOvB,GAAP,EAAY;AACZ;AACAF,MAAAA,MAAM,CAACC,MAAP,CAAc,oDAAd,EAAoEC,GAApE;AACD;AACF,GAPD,MAOO;AACLF,IAAAA,MAAM,CAACC,MAAP,CAAc,sEAAd;AACD;;AAED,SAAO,IAAP;AACD,CA7BD,C,CA+BA;;;AACAhB,MAAM,CAAC0C,0BAAP,GAAoC,UAAUC,CAAV,EAAa;AAC/C,MAAIC,iBAAiB,GAAGxB,SAAS,CAACY,KAAV,CAAgB,CAAhB,CAAxB;AACAZ,EAAAA,SAAS,GAAG,EAAZ;;AACA,MAAI;AACFuB,IAAAA,CAAC;AACF,GAFD,SAEU;AACRvB,IAAAA,SAAS,GAAGwB,iBAAZ;AACD;AACF,CARD,C,CAUA;AACA;AACA;AACA;AACA;AACA;;;AACA,IAAIC,SAAS,GAAG,KAAhB;;AACA7C,MAAM,CAAC8C,OAAP,GAAiB,UAAUjB,OAAV,EAAmB;AAClCA,EAAAA,OAAO,GAAGA,OAAO,IAAI,EAArB;AAEA,MAAIgB,SAAJ,EACE;AACFA,EAAAA,SAAS,GAAG,IAAZ;;AAEA,WAASjB,SAAT,GAAqB;AACnBmB,IAAAA,UAAU,CAAC7B,MAAD,EAAS,CAAT,CAAV;AACD;;AAED,WAAS8B,kBAAT,GAA8B;AAC5B;AACA;AACA;AACA;AACA;AACA,QAAI3C,MAAM,CAAC4C,QAAP,CAAgBC,IAAhB,IAAwB7C,MAAM,CAAC4C,QAAP,CAAgBE,IAAhB,CAAqBC,QAArB,CAA8B,GAA9B,CAA5B,EAAgE;AAC9D/C,MAAAA,MAAM,CAAC4C,QAAP,CAAgB/B,MAAhB;AACD,KAFD,MAEO;AACLb,MAAAA,MAAM,CAAC4C,QAAP,CAAgBI,OAAhB,CAAwBhD,MAAM,CAAC4C,QAAP,CAAgBE,IAAxC;AACD;AACF;;AAED,WAASjC,MAAT,GAAkB;AAChB,QAAIlB,MAAM,CAACuC,QAAP,CAAgBX,SAAhB,EAA2BC,OAA3B,CAAJ,EAAyC;AACvC,UAAId,MAAM,CAACuC,SAAX,EAAsB;AACpBC,QAAAA,iBAAiB,CAACC,sBAAlB,CAAyC,MAAM;AAC7CR,UAAAA,kBAAkB;AACnB,SAFD;AAGD,OAJD,MAIO;AACLA,QAAAA,kBAAkB;AACnB;AACF;AACF;;AAEDpB,EAAAA,SAAS;AACV,CArCD","sourcesContent":["/**\n * This code does _NOT_ support hot (session-restoring) reloads on\n * IE6,7. It only works on browsers with sessionStorage support.\n *\n * There are a couple approaches to add IE6,7 support:\n *\n * - use IE's \"userData\" mechanism in combination with window.name.\n * This mostly works, however the problem is that it can not get to the\n * data until after DOMReady. This is a problem for us since this API\n * relies on the data being ready before API users run. We could\n * refactor using Meteor.startup in all API users, but that might slow\n * page loads as we couldn't start the stream until after DOMReady.\n * Here are some resources on this approach:\n * https://github.com/hugeinc/USTORE.js\n * http://thudjs.tumblr.com/post/419577524/localstorage-userdata\n * http://www.javascriptkit.com/javatutors/domstorage2.shtml\n *\n * - POST the data to the server, and have the server send it back on\n * page load. This is nice because it sidesteps all the local storage\n * compatibility issues, however it is kinda tricky. We can use a unique\n * token in the URL, then get rid of it with HTML5 pushstate, but that\n * only works on pushstate browsers.\n *\n * This will all need to be reworked entirely when we add server-side\n * HTML rendering. In that case, the server will need to have access to\n * the client's session to render properly.\n */\n\n// XXX when making this API public, also expose a flag for the app\n// developer to know whether a hot code push is happening. This is\n// useful for apps using `window.onbeforeunload`. See\n// https://github.com/meteor/meteor/pull/657\n\nexport const Reload = {};\n\nvar KEY_NAME = 'Meteor_Reload';\n\nvar old_data = {};\n// read in old data at startup.\nvar old_json;\n\n// This logic for sessionStorage detection is based on browserstate/history.js\nvar safeSessionStorage = null;\ntry {\n  // This throws a SecurityError on Chrome if cookies & localStorage are\n  // explicitly disabled\n  //\n  // On Firefox with dom.storage.enabled set to false, sessionStorage is null\n  //\n  // We can't even do (typeof sessionStorage) on Chrome, it throws.  So we rely\n  // on the throw if sessionStorage == null; the alternative is browser\n  // detection, but this seems better.\n  safeSessionStorage = window.sessionStorage;\n\n  // Check we can actually use it\n  if (safeSessionStorage) {\n    safeSessionStorage.setItem('__dummy__', '1');\n    safeSessionStorage.removeItem('__dummy__');\n  } else {\n    // Be consistently null, for safety\n    safeSessionStorage = null;\n  }\n} catch (e) {\n  // Expected on chrome with strict security, or if sessionStorage not supported\n  safeSessionStorage = null;\n}\n\n// Exported for test.\nReload._getData = function () {\n  return safeSessionStorage && safeSessionStorage.getItem(KEY_NAME);\n};\n\nif (safeSessionStorage) {\n  old_json = Reload._getData();\n  safeSessionStorage.removeItem(KEY_NAME);\n} else {\n  // Unsupported browser (IE 6,7) or locked down security settings.\n  // No session resumption.\n  // Meteor._debug(\"XXX UNSUPPORTED BROWSER/SETTINGS\");\n}\n\nif (!old_json) old_json = '{}';\nvar old_parsed = {};\ntry {\n  old_parsed = JSON.parse(old_json);\n  if (typeof old_parsed !== \"object\") {\n    Meteor._debug(\"Got bad data on reload. Ignoring.\");\n    old_parsed = {};\n  }\n} catch (err) {\n  Meteor._debug(\"Got invalid JSON on reload. Ignoring.\");\n}\n\nif (old_parsed.reload && typeof old_parsed.data === \"object\") {\n  // Meteor._debug(\"Restoring reload data.\");\n  old_data = old_parsed.data;\n}\n\n\nvar providers = [];\n\n////////// External API //////////\n\n// Packages that support migration should register themselves by calling\n// this function. When it's time to migrate, callback will be called\n// with one argument, the \"retry function,\" and an optional 'option'\n// argument (containing a key 'immediateMigration'). If the package\n// is ready to migrate, it should return [true, data], where data is\n// its migration data, an arbitrary JSON value (or [true] if it has\n// no migration data this time). If the package needs more time\n// before it is ready to migrate, it should return false. Then, once\n// it is ready to migrating again, it should call the retry\n// function. The retry function will return immediately, but will\n// schedule the migration to be retried, meaning that every package\n// will be polled once again for its migration data. If they are all\n// ready this time, then the migration will happen. name must be set if there\n// is migration data. If 'immediateMigration' is set in the options\n// argument, then it doesn't matter whether the package is ready to\n// migrate or not; the reload will happen immediately without waiting\n// (used for OAuth redirect login).\n//\nReload._onMigrate = function (name, callback) {\n  if (!callback) {\n    // name not provided, so first arg is callback.\n    callback = name;\n    name = undefined;\n  }\n  providers.push({ name: name, callback: callback });\n};\n\n// Called by packages when they start up.\n// Returns the object that was saved, or undefined if none saved.\n//\nReload._migrationData = function (name) {\n  return old_data[name];\n};\n\n// Options are the same as for `Reload._migrate`.\nvar pollProviders = function (tryReload, options) {\n  tryReload = tryReload || function () {};\n  options = options || {};\n\n  var migrationData = {};\n  var remaining = providers.slice(0);\n  var allReady = true;\n  while (remaining.length) {\n    var p = remaining.shift();\n    var status = p.callback(tryReload, options);\n    if (!status[0])\n      allReady = false;\n    if (status.length > 1 && p.name)\n      migrationData[p.name] = status[1];\n  };\n  if (allReady || options.immediateMigration)\n    return migrationData;\n  else\n    return null;\n};\n\n// Options are:\n//  - immediateMigration: true if the page will be reloaded immediately\n//    regardless of whether packages report that they are ready or not.\nReload._migrate = function (tryReload, options) {\n  // Make sure each package is ready to go, and collect their\n  // migration data\n  var migrationData = pollProviders(tryReload, options);\n  if (migrationData === null)\n    return false; // not ready yet..\n\n  try {\n    // Persist the migration data\n    var json = JSON.stringify({\n      data: migrationData, reload: true\n    });\n  } catch (err) {\n    Meteor._debug(\"Couldn't serialize data for migration\", migrationData);\n    throw err;\n  }\n\n  if (safeSessionStorage) {\n    try {\n      safeSessionStorage.setItem(KEY_NAME, json);\n    } catch (err) {\n      // We should have already checked this, but just log - don't throw\n      Meteor._debug(\"Couldn't save data for migration to sessionStorage\", err);\n    }\n  } else {\n    Meteor._debug(\"Browser does not support sessionStorage. Not saving migration state.\");\n  }\n\n  return true;\n};\n\n// Allows tests to isolate the list of providers.\nReload._withFreshProvidersForTest = function (f) {\n  var originalProviders = providers.slice(0);\n  providers = [];\n  try {\n    f();\n  } finally {\n    providers = originalProviders;\n  }\n};\n\n// Migrating reload: reload this page (presumably to pick up a new\n// version of the code or assets), but save the program state and\n// migrate it over. This function returns immediately. The reload\n// will happen at some point in the future once all of the packages\n// are ready to migrate.\n//\nvar reloading = false;\nReload._reload = function (options) {\n  options = options || {};\n\n  if (reloading)\n    return;\n  reloading = true;\n\n  function tryReload() {\n    setTimeout(reload, 1);\n  }\n\n  function forceBrowserReload() {\n    // We'd like to make the browser reload the page using location.replace()\n    // instead of location.reload(), because this avoids validating assets\n    // with the server if we still have a valid cached copy. This doesn't work\n    // when the location contains a hash however, because that wouldn't reload\n    // the page and just scroll to the hash location instead.\n    if (window.location.hash || window.location.href.endsWith(\"#\")) {\n      window.location.reload();\n    } else {\n      window.location.replace(window.location.href);\n    }\n  }\n\n  function reload() {\n    if (Reload._migrate(tryReload, options)) {\n      if (Meteor.isCordova) {\n        WebAppLocalServer.switchToPendingVersion(() => {\n          forceBrowserReload();\n        });\n      } else {\n        forceBrowserReload();\n      }\n    }\n  }\n\n  tryReload();\n};\n"]},"sourceType":"script","hash":"27f62432a2091d0c06c2ae3acce7b8031aed0054"}
