{"metadata":{},"options":{"compact":false,"sourceMaps":true,"ast":true,"babelrc":false,"configFile":false,"parserOpts":{"sourceType":"module","sourceFileName":"/home/elad/meteorProj/packages/retry/retry.js","plugins":["*","flow","jsx","asyncGenerators","bigInt","classPrivateMethods","classPrivateProperties","classProperties","doExpressions","dynamicImport","exportDefaultFrom","exportExtensions","exportNamespaceFrom","functionBind","functionSent","importMeta","nullishCoalescingOperator","numericSeparator","objectRestSpread","optionalCatchBinding","optionalChaining",["pipelineOperator",{"proposal":"minimal"}],"throwExpressions","jsx",["flow",{}],["flow",{}],"objectRestSpread","objectRestSpread","dynamicImport","asyncGenerators","classProperties","classPrivateProperties"],"allowImportExportEverywhere":true,"allowReturnOutsideFunction":true,"strictMode":false},"caller":{"name":"meteor","arch":"os.linux.x86_64"},"sourceFileName":"packages/retry/retry.js","filename":"/home/elad/meteorProj/packages/retry/retry.js","passPerPreset":false,"envName":"development","cwd":"/home/elad/meteorProj","root":"/home/elad/meteorProj","plugins":[{"key":"transform-react-jsx","visitor":{"_exploded":{},"_verified":{},"JSXNamespacedName":{"enter":[null]},"JSXSpreadChild":{"enter":[null]},"JSXElement":{"exit":[null]},"JSXFragment":{"exit":[null]},"Program":{"enter":[null],"exit":[null]},"JSXAttribute":{"enter":[null]}},"options":{"pragma":"React.createElement","pragmaFrag":"React.Fragment","throwIfNamespace":true,"useBuiltIns":false}},{"key":"transform-react-display-name","visitor":{"ExportDefaultDeclaration":{"enter":[null]},"CallExpression":{"enter":[null]},"_exploded":true,"_verified":true},"options":{}},{"key":"base$0$0","visitor":{"Program":{"enter":[null]},"_exploded":true,"_verified":true},"options":{"generateLetDeclarations":true,"enforceStrictMode":false}},{"key":"syntax-flow","visitor":{"_exploded":true,"_verified":true},"options":{}},{"key":"transform-flow-strip-types","visitor":{"_exploded":{},"_verified":{},"Program":{"enter":[null]},"ImportDeclaration":{"enter":[null,null]},"ClassProperty":{"enter":[null]},"ClassPrivateProperty":{"enter":[null]},"AssignmentPattern":{"enter":[null]},"TypeCastExpression":{"enter":[null,null]},"CallExpression":{"enter":[null]},"OptionalCallExpression":{"enter":[null]},"NewExpression":{"enter":[null]},"ImportSpecifier":{"enter":[null]},"ClassDeclaration":{"enter":[null]},"ClassExpression":{"enter":[null]},"FunctionDeclaration":{"enter":[null]},"FunctionExpression":{"enter":[null]},"ObjectMethod":{"enter":[null]},"ArrowFunctionExpression":{"enter":[null]},"ClassMethod":{"enter":[null]},"ClassPrivateMethod":{"enter":[null]},"AnyTypeAnnotation":{"enter":[null]},"ArrayTypeAnnotation":{"enter":[null]},"BooleanTypeAnnotation":{"enter":[null]},"BooleanLiteralTypeAnnotation":{"enter":[null]},"NullLiteralTypeAnnotation":{"enter":[null]},"ClassImplements":{"enter":[null]},"DeclareClass":{"enter":[null]},"DeclareFunction":{"enter":[null]},"DeclareInterface":{"enter":[null]},"DeclareModule":{"enter":[null]},"DeclareModuleExports":{"enter":[null]},"DeclareTypeAlias":{"enter":[null]},"DeclareOpaqueType":{"enter":[null]},"DeclareVariable":{"enter":[null]},"DeclareExportDeclaration":{"enter":[null]},"DeclareExportAllDeclaration":{"enter":[null]},"DeclaredPredicate":{"enter":[null]},"ExistsTypeAnnotation":{"enter":[null]},"FunctionTypeAnnotation":{"enter":[null]},"FunctionTypeParam":{"enter":[null]},"GenericTypeAnnotation":{"enter":[null]},"InferredPredicate":{"enter":[null]},"InterfaceExtends":{"enter":[null]},"InterfaceDeclaration":{"enter":[null]},"InterfaceTypeAnnotation":{"enter":[null]},"IntersectionTypeAnnotation":{"enter":[null]},"MixedTypeAnnotation":{"enter":[null]},"EmptyTypeAnnotation":{"enter":[null]},"NullableTypeAnnotation":{"enter":[null]},"NumberLiteralTypeAnnotation":{"enter":[null]},"NumberTypeAnnotation":{"enter":[null]},"ObjectTypeAnnotation":{"enter":[null]},"ObjectTypeInternalSlot":{"enter":[null]},"ObjectTypeCallProperty":{"enter":[null]},"ObjectTypeIndexer":{"enter":[null]},"ObjectTypeProperty":{"enter":[null]},"ObjectTypeSpreadProperty":{"enter":[null]},"OpaqueType":{"enter":[null]},"QualifiedTypeIdentifier":{"enter":[null]},"StringLiteralTypeAnnotation":{"enter":[null]},"StringTypeAnnotation":{"enter":[null]},"ThisTypeAnnotation":{"enter":[null]},"TupleTypeAnnotation":{"enter":[null]},"TypeofTypeAnnotation":{"enter":[null]},"TypeAlias":{"enter":[null]},"TypeAnnotation":{"enter":[null]},"TypeParameter":{"enter":[null]},"TypeParameterDeclaration":{"enter":[null]},"TypeParameterInstantiation":{"enter":[null]},"UnionTypeAnnotation":{"enter":[null]},"Variance":{"enter":[null]},"VoidTypeAnnotation":{"enter":[null]},"ExportAllDeclaration":{"enter":[null]},"ExportDefaultDeclaration":{"enter":[null]},"ExportNamedDeclaration":{"enter":[null]}},"options":{}},{"key":"transform-runtime","visitor":{"CallExpression":{"enter":[null]},"BinaryExpression":{"enter":[null]},"MemberExpression":{"enter":[null],"exit":[null]},"_exploded":true,"_verified":true,"Identifier":{"enter":[null]},"JSXIdentifier":{"enter":[null]}},"options":{}},{"key":"syntax-object-rest-spread","visitor":{"_exploded":true,"_verified":true},"options":{}},{"key":"proposal-object-rest-spread","visitor":{"_exploded":{},"_verified":{},"VariableDeclarator":{"enter":[null]},"ExportNamedDeclaration":{"enter":[null]},"CatchClause":{"enter":[null]},"AssignmentExpression":{"enter":[null]},"ObjectExpression":{"enter":[null]},"FunctionDeclaration":{"enter":[null]},"FunctionExpression":{"enter":[null]},"ObjectMethod":{"enter":[null]},"ArrowFunctionExpression":{"enter":[null]},"ClassMethod":{"enter":[null]},"ClassPrivateMethod":{"enter":[null]},"ForInStatement":{"enter":[null]},"ForOfStatement":{"enter":[null]}},"options":{}},{"key":"transform-meteor-async-await","visitor":{"AwaitExpression":{"enter":[null]},"_exploded":true,"_verified":true,"FunctionDeclaration":{"exit":[null]},"FunctionExpression":{"exit":[null]},"ObjectMethod":{"exit":[null]},"ArrowFunctionExpression":{"exit":[null]},"ClassMethod":{"exit":[null]},"ClassPrivateMethod":{"exit":[null]}},"options":{"useNativeAsyncAwait":false}},{"key":"transform-meteor-dynamic-import","visitor":{"_exploded":{},"_verified":{},"CallExpression":{"enter":[null]}},"options":{}},{"key":"proposal-async-generator-functions","visitor":{"_exploded":{},"_verified":{},"Program":{"enter":[null]}},"options":{}},{"key":"transform-modules-commonjs","visitor":{"Program":{"exit":[null]},"_exploded":true,"_verified":true},"options":{"allowTopLevelThis":true,"strictMode":false,"loose":true}},{"key":"proposal-class-properties","visitor":{"PrivateName":{"enter":[null]},"ExportDefaultDeclaration":{"enter":[null]},"_exploded":true,"_verified":true,"ClassDeclaration":{"enter":[null]},"ClassExpression":{"enter":[null]}},"options":{"loose":true}}],"presets":[],"generatorOpts":{"filename":"/home/elad/meteorProj/packages/retry/retry.js","comments":true,"compact":false,"sourceMaps":true,"sourceFileName":"packages/retry/retry.js"}},"code":"module.export({\n  Retry: () => Retry\n});\n\nclass Retry {\n  constructor({\n    baseTimeout = 1000,\n    exponent = 2.2,\n    // The default is high-ish to ensure a server can recover from a\n    // failure caused by load.\n    maxTimeout = 5 * 60 * 1000,\n    minTimeout = 10,\n    minCount = 2,\n    fuzz = 0.5\n  } = {}) {\n    this.baseTimeout = baseTimeout;\n    this.exponent = exponent;\n    this.maxTimeout = maxTimeout;\n    this.minTimeout = minTimeout;\n    this.minCount = minCount;\n    this.fuzz = fuzz;\n    this.retryTimer = null;\n  } // Reset a pending retry, if any.\n\n\n  clear() {\n    if (this.retryTimer) {\n      clearTimeout(this.retryTimer);\n    }\n\n    this.retryTimer = null;\n  } // Calculate how long to wait in milliseconds to retry, based on the\n  // `count` of which retry this is.\n\n\n  _timeout(count) {\n    if (count < this.minCount) {\n      return this.minTimeout;\n    } // fuzz the timeout randomly, to avoid reconnect storms when a\n    // server goes down.\n\n\n    var timeout = Math.min(this.maxTimeout, this.baseTimeout * Math.pow(this.exponent, count)) * (Random.fraction() * this.fuzz + (1 - this.fuzz / 2));\n    return timeout;\n  } // Call `fn` after a delay, based on the `count` of which retry this is.\n\n\n  retryLater(count, fn) {\n    var timeout = this._timeout(count);\n\n    if (this.retryTimer) clearTimeout(this.retryTimer);\n    this.retryTimer = Meteor.setTimeout(fn, timeout);\n    return timeout;\n  }\n\n}","map":{"version":3,"sources":["packages/retry/retry.js"],"names":["module","export","Retry","constructor","baseTimeout","exponent","maxTimeout","minTimeout","minCount","fuzz","retryTimer","clear","clearTimeout","_timeout","count","timeout","Math","min","pow","Random","fraction","retryLater","fn","Meteor","setTimeout"],"mappings":"AAAAA,MAAM,CAACC,MAAP,CAAc;AAACC,EAAAA,KAAK,EAAC,MAAIA;AAAX,CAAd;;AAUO,MAAMA,KAAN,CAAY;AACjBC,EAAAA,WAAW,CAAC;AACVC,IAAAA,WAAW,GAAG,IADJ;AAEVC,IAAAA,QAAQ,GAAG,GAFD;AAGV;AACA;AACAC,IAAAA,UAAU,GAAG,IAAI,EAAJ,GAAS,IALZ;AAMVC,IAAAA,UAAU,GAAG,EANH;AAOVC,IAAAA,QAAQ,GAAG,CAPD;AAQVC,IAAAA,IAAI,GAAG;AARG,MASR,EATO,EASH;AACN,SAAKL,WAAL,GAAmBA,WAAnB;AACA,SAAKC,QAAL,GAAgBA,QAAhB;AACA,SAAKC,UAAL,GAAkBA,UAAlB;AACA,SAAKC,UAAL,GAAkBA,UAAlB;AACA,SAAKC,QAAL,GAAgBA,QAAhB;AACA,SAAKC,IAAL,GAAYA,IAAZ;AACA,SAAKC,UAAL,GAAkB,IAAlB;AACD,GAlBgB,CAoBjB;;;AACAC,EAAAA,KAAK,GAAG;AACN,QAAI,KAAKD,UAAT,EAAqB;AACnBE,MAAAA,YAAY,CAAC,KAAKF,UAAN,CAAZ;AACD;;AACD,SAAKA,UAAL,GAAkB,IAAlB;AACD,GA1BgB,CA4BjB;AACA;;;AACAG,EAAAA,QAAQ,CAACC,KAAD,EAAQ;AACd,QAAIA,KAAK,GAAG,KAAKN,QAAjB,EAA2B;AACzB,aAAO,KAAKD,UAAZ;AACD,KAHa,CAKd;AACA;;;AACA,QAAIQ,OAAO,GAAGC,IAAI,CAACC,GAAL,CACZ,KAAKX,UADO,EAEZ,KAAKF,WAAL,GAAmBY,IAAI,CAACE,GAAL,CAAS,KAAKb,QAAd,EAAwBS,KAAxB,CAFP,KAIZK,MAAM,CAACC,QAAP,KAAoB,KAAKX,IAAzB,IAAiC,IAAI,KAAKA,IAAL,GAAY,CAAjD,CAJY,CAAd;AAOA,WAAOM,OAAP;AACD,GA7CgB,CA+CjB;;;AACAM,EAAAA,UAAU,CAACP,KAAD,EAAQQ,EAAR,EAAY;AACpB,QAAIP,OAAO,GAAG,KAAKF,QAAL,CAAcC,KAAd,CAAd;;AACA,QAAI,KAAKJ,UAAT,EACEE,YAAY,CAAC,KAAKF,UAAN,CAAZ;AACF,SAAKA,UAAL,GAAkBa,MAAM,CAACC,UAAP,CAAkBF,EAAlB,EAAsBP,OAAtB,CAAlB;AACA,WAAOA,OAAP;AACD;;AAtDgB","sourcesContent":["// Retry logic with an exponential backoff.\n//\n// options:\n//  baseTimeout: time for initial reconnect attempt (ms).\n//  exponent: exponential factor to increase timeout each attempt.\n//  maxTimeout: maximum time between retries (ms).\n//  minCount: how many times to reconnect \"instantly\".\n//  minTimeout: time to wait for the first `minCount` retries (ms).\n//  fuzz: factor to randomize retry times by (to avoid retry storms).\n\nexport class Retry {\n  constructor({\n    baseTimeout = 1000,\n    exponent = 2.2,\n    // The default is high-ish to ensure a server can recover from a\n    // failure caused by load.\n    maxTimeout = 5 * 60 * 1000,\n    minTimeout = 10,\n    minCount = 2,\n    fuzz = 0.5,\n  } = {}) {\n    this.baseTimeout = baseTimeout;\n    this.exponent = exponent;\n    this.maxTimeout = maxTimeout;\n    this.minTimeout = minTimeout;\n    this.minCount = minCount;\n    this.fuzz = fuzz;\n    this.retryTimer = null;\n  }\n\n  // Reset a pending retry, if any.\n  clear() {\n    if (this.retryTimer) {\n      clearTimeout(this.retryTimer);\n    }\n    this.retryTimer = null;\n  }\n\n  // Calculate how long to wait in milliseconds to retry, based on the\n  // `count` of which retry this is.\n  _timeout(count) {\n    if (count < this.minCount) {\n      return this.minTimeout;\n    }\n\n    // fuzz the timeout randomly, to avoid reconnect storms when a\n    // server goes down.\n    var timeout = Math.min(\n      this.maxTimeout,\n      this.baseTimeout * Math.pow(this.exponent, count)\n    ) * (\n      Random.fraction() * this.fuzz + (1 - this.fuzz / 2)\n    );\n\n    return timeout;\n  }\n\n  // Call `fn` after a delay, based on the `count` of which retry this is.\n  retryLater(count, fn) {\n    var timeout = this._timeout(count);\n    if (this.retryTimer)\n      clearTimeout(this.retryTimer);\n    this.retryTimer = Meteor.setTimeout(fn, timeout);\n    return timeout;\n  }\n}\n"]},"sourceType":"script","hash":"503746333a2ce4323d9547fc42423ab6305d8167"}
