{"metadata":{},"options":{"compact":false,"sourceMaps":true,"ast":true,"babelrc":false,"configFile":false,"parserOpts":{"sourceType":"module","sourceFileName":"/home/elad/meteorProj/packages/webapp-hashing/webapp-hashing.js","plugins":["*","flow","jsx","asyncGenerators","bigInt","classPrivateMethods","classPrivateProperties","classProperties","doExpressions","dynamicImport","exportDefaultFrom","exportExtensions","exportNamespaceFrom","functionBind","functionSent","importMeta","nullishCoalescingOperator","numericSeparator","objectRestSpread","optionalCatchBinding","optionalChaining",["pipelineOperator",{"proposal":"minimal"}],"throwExpressions","jsx",["flow",{}],["flow",{}],"objectRestSpread","objectRestSpread","dynamicImport","asyncGenerators","classProperties","classPrivateProperties"],"allowImportExportEverywhere":true,"allowReturnOutsideFunction":true,"strictMode":false},"caller":{"name":"meteor","arch":"os.linux.x86_64"},"sourceFileName":"packages/webapp-hashing/webapp-hashing.js","filename":"/home/elad/meteorProj/packages/webapp-hashing/webapp-hashing.js","passPerPreset":false,"envName":"development","cwd":"/home/elad/meteorProj","root":"/home/elad/meteorProj","plugins":[{"key":"transform-react-jsx","visitor":{"_exploded":{},"_verified":{},"JSXNamespacedName":{"enter":[null]},"JSXSpreadChild":{"enter":[null]},"JSXElement":{"exit":[null]},"JSXFragment":{"exit":[null]},"Program":{"enter":[null],"exit":[null]},"JSXAttribute":{"enter":[null]}},"options":{"pragma":"React.createElement","pragmaFrag":"React.Fragment","throwIfNamespace":true,"useBuiltIns":false}},{"key":"transform-react-display-name","visitor":{"ExportDefaultDeclaration":{"enter":[null]},"CallExpression":{"enter":[null]},"_exploded":true,"_verified":true},"options":{}},{"key":"base$0$0","visitor":{"Program":{"enter":[null]},"_exploded":true,"_verified":true},"options":{"generateLetDeclarations":true,"enforceStrictMode":false}},{"key":"syntax-flow","visitor":{"_exploded":true,"_verified":true},"options":{}},{"key":"transform-flow-strip-types","visitor":{"_exploded":{},"_verified":{},"Program":{"enter":[null]},"ImportDeclaration":{"enter":[null,null]},"ClassProperty":{"enter":[null]},"ClassPrivateProperty":{"enter":[null]},"AssignmentPattern":{"enter":[null]},"TypeCastExpression":{"enter":[null,null]},"CallExpression":{"enter":[null]},"OptionalCallExpression":{"enter":[null]},"NewExpression":{"enter":[null]},"ImportSpecifier":{"enter":[null]},"ClassDeclaration":{"enter":[null]},"ClassExpression":{"enter":[null]},"FunctionDeclaration":{"enter":[null]},"FunctionExpression":{"enter":[null]},"ObjectMethod":{"enter":[null]},"ArrowFunctionExpression":{"enter":[null]},"ClassMethod":{"enter":[null]},"ClassPrivateMethod":{"enter":[null]},"AnyTypeAnnotation":{"enter":[null]},"ArrayTypeAnnotation":{"enter":[null]},"BooleanTypeAnnotation":{"enter":[null]},"BooleanLiteralTypeAnnotation":{"enter":[null]},"NullLiteralTypeAnnotation":{"enter":[null]},"ClassImplements":{"enter":[null]},"DeclareClass":{"enter":[null]},"DeclareFunction":{"enter":[null]},"DeclareInterface":{"enter":[null]},"DeclareModule":{"enter":[null]},"DeclareModuleExports":{"enter":[null]},"DeclareTypeAlias":{"enter":[null]},"DeclareOpaqueType":{"enter":[null]},"DeclareVariable":{"enter":[null]},"DeclareExportDeclaration":{"enter":[null]},"DeclareExportAllDeclaration":{"enter":[null]},"DeclaredPredicate":{"enter":[null]},"ExistsTypeAnnotation":{"enter":[null]},"FunctionTypeAnnotation":{"enter":[null]},"FunctionTypeParam":{"enter":[null]},"GenericTypeAnnotation":{"enter":[null]},"InferredPredicate":{"enter":[null]},"InterfaceExtends":{"enter":[null]},"InterfaceDeclaration":{"enter":[null]},"InterfaceTypeAnnotation":{"enter":[null]},"IntersectionTypeAnnotation":{"enter":[null]},"MixedTypeAnnotation":{"enter":[null]},"EmptyTypeAnnotation":{"enter":[null]},"NullableTypeAnnotation":{"enter":[null]},"NumberLiteralTypeAnnotation":{"enter":[null]},"NumberTypeAnnotation":{"enter":[null]},"ObjectTypeAnnotation":{"enter":[null]},"ObjectTypeInternalSlot":{"enter":[null]},"ObjectTypeCallProperty":{"enter":[null]},"ObjectTypeIndexer":{"enter":[null]},"ObjectTypeProperty":{"enter":[null]},"ObjectTypeSpreadProperty":{"enter":[null]},"OpaqueType":{"enter":[null]},"QualifiedTypeIdentifier":{"enter":[null]},"StringLiteralTypeAnnotation":{"enter":[null]},"StringTypeAnnotation":{"enter":[null]},"ThisTypeAnnotation":{"enter":[null]},"TupleTypeAnnotation":{"enter":[null]},"TypeofTypeAnnotation":{"enter":[null]},"TypeAlias":{"enter":[null]},"TypeAnnotation":{"enter":[null]},"TypeParameter":{"enter":[null]},"TypeParameterDeclaration":{"enter":[null]},"TypeParameterInstantiation":{"enter":[null]},"UnionTypeAnnotation":{"enter":[null]},"Variance":{"enter":[null]},"VoidTypeAnnotation":{"enter":[null]},"ExportAllDeclaration":{"enter":[null]},"ExportDefaultDeclaration":{"enter":[null]},"ExportNamedDeclaration":{"enter":[null]}},"options":{}},{"key":"transform-runtime","visitor":{"CallExpression":{"enter":[null]},"BinaryExpression":{"enter":[null]},"MemberExpression":{"enter":[null],"exit":[null]},"_exploded":true,"_verified":true,"Identifier":{"enter":[null]},"JSXIdentifier":{"enter":[null]}},"options":{}},{"key":"syntax-object-rest-spread","visitor":{"_exploded":true,"_verified":true},"options":{}},{"key":"proposal-object-rest-spread","visitor":{"_exploded":{},"_verified":{},"VariableDeclarator":{"enter":[null]},"ExportNamedDeclaration":{"enter":[null]},"CatchClause":{"enter":[null]},"AssignmentExpression":{"enter":[null]},"ObjectExpression":{"enter":[null]},"FunctionDeclaration":{"enter":[null]},"FunctionExpression":{"enter":[null]},"ObjectMethod":{"enter":[null]},"ArrowFunctionExpression":{"enter":[null]},"ClassMethod":{"enter":[null]},"ClassPrivateMethod":{"enter":[null]},"ForInStatement":{"enter":[null]},"ForOfStatement":{"enter":[null]}},"options":{}},{"key":"transform-meteor-async-await","visitor":{"AwaitExpression":{"enter":[null]},"_exploded":true,"_verified":true,"FunctionDeclaration":{"exit":[null]},"FunctionExpression":{"exit":[null]},"ObjectMethod":{"exit":[null]},"ArrowFunctionExpression":{"exit":[null]},"ClassMethod":{"exit":[null]},"ClassPrivateMethod":{"exit":[null]}},"options":{"useNativeAsyncAwait":false}},{"key":"transform-meteor-dynamic-import","visitor":{"_exploded":{},"_verified":{},"CallExpression":{"enter":[null]}},"options":{}},{"key":"proposal-async-generator-functions","visitor":{"_exploded":{},"_verified":{},"Program":{"enter":[null]}},"options":{}},{"key":"transform-modules-commonjs","visitor":{"Program":{"exit":[null]},"_exploded":true,"_verified":true},"options":{"allowTopLevelThis":true,"strictMode":false,"loose":true}},{"key":"proposal-class-properties","visitor":{"PrivateName":{"enter":[null]},"ExportDefaultDeclaration":{"enter":[null]},"_exploded":true,"_verified":true,"ClassDeclaration":{"enter":[null]},"ClassExpression":{"enter":[null]}},"options":{"loose":true}}],"presets":[],"generatorOpts":{"filename":"/home/elad/meteorProj/packages/webapp-hashing/webapp-hashing.js","comments":true,"compact":false,"sourceMaps":true,"sourceFileName":"packages/webapp-hashing/webapp-hashing.js"}},"code":"var crypto = Npm.require(\"crypto\");\n\nWebAppHashing = {}; // Calculate a hash of all the client resources downloaded by the\n// browser, including the application HTML, runtime config, code, and\n// static files.\n//\n// This hash *must* change if any resources seen by the browser\n// change, and ideally *doesn't* change for any server-only changes\n// (but the second is a performance enhancement, not a hard\n// requirement).\n\nWebAppHashing.calculateClientHash = function (manifest, includeFilter, runtimeConfigOverride) {\n  var hash = crypto.createHash('sha1'); // Omit the old hashed client values in the new hash. These may be\n  // modified in the new boilerplate.\n\n  var runtimeCfg = _.omit(__meteor_runtime_config__, ['autoupdateVersion', 'autoupdateVersionRefreshable', 'autoupdateVersionCordova']);\n\n  if (runtimeConfigOverride) {\n    runtimeCfg = runtimeConfigOverride;\n  }\n\n  hash.update(JSON.stringify(runtimeCfg, 'utf8'));\n\n  _.each(manifest, function (resource) {\n    if ((!includeFilter || includeFilter(resource.type)) && (resource.where === 'client' || resource.where === 'internal')) {\n      hash.update(resource.path);\n      hash.update(resource.hash);\n    }\n  });\n\n  return hash.digest('hex');\n};\n\nWebAppHashing.calculateCordovaCompatibilityHash = function (platformVersion, pluginVersions) {\n  const hash = crypto.createHash('sha1');\n  hash.update(platformVersion); // Sort plugins first so iteration order doesn't affect the hash\n\n  const plugins = Object.keys(pluginVersions).sort();\n\n  for (let plugin of plugins) {\n    const version = pluginVersions[plugin];\n    hash.update(plugin);\n    hash.update(version);\n  }\n\n  return hash.digest('hex');\n};","map":{"version":3,"sources":["packages/webapp-hashing/webapp-hashing.js"],"names":["crypto","Npm","require","WebAppHashing","calculateClientHash","manifest","includeFilter","runtimeConfigOverride","hash","createHash","runtimeCfg","_","omit","__meteor_runtime_config__","update","JSON","stringify","each","resource","type","where","path","digest","calculateCordovaCompatibilityHash","platformVersion","pluginVersions","plugins","Object","keys","sort","plugin","version"],"mappings":"AAAA,IAAIA,MAAM,GAAGC,GAAG,CAACC,OAAJ,CAAY,QAAZ,CAAb;;AAEAC,aAAa,GAAG,EAAhB,C,CAEA;AACA;AACA;AACA;AACA;AACA;AACA;AACA;;AAEAA,aAAa,CAACC,mBAAd,GACE,UAAUC,QAAV,EAAoBC,aAApB,EAAmCC,qBAAnC,EAA0D;AAC1D,MAAIC,IAAI,GAAGR,MAAM,CAACS,UAAP,CAAkB,MAAlB,CAAX,CAD0D,CAG1D;AACA;;AACA,MAAIC,UAAU,GAAGC,CAAC,CAACC,IAAF,CAAOC,yBAAP,EACf,CAAC,mBAAD,EAAsB,8BAAtB,EACC,0BADD,CADe,CAAjB;;AAIA,MAAIN,qBAAJ,EAA2B;AACzBG,IAAAA,UAAU,GAAGH,qBAAb;AACD;;AAEDC,EAAAA,IAAI,CAACM,MAAL,CAAYC,IAAI,CAACC,SAAL,CAAeN,UAAf,EAA2B,MAA3B,CAAZ;;AAEAC,EAAAA,CAAC,CAACM,IAAF,CAAOZ,QAAP,EAAiB,UAAUa,QAAV,EAAoB;AACjC,QAAI,CAAC,CAAEZ,aAAF,IAAmBA,aAAa,CAACY,QAAQ,CAACC,IAAV,CAAjC,MACCD,QAAQ,CAACE,KAAT,KAAmB,QAAnB,IAA+BF,QAAQ,CAACE,KAAT,KAAmB,UADnD,CAAJ,EACoE;AACpEZ,MAAAA,IAAI,CAACM,MAAL,CAAYI,QAAQ,CAACG,IAArB;AACAb,MAAAA,IAAI,CAACM,MAAL,CAAYI,QAAQ,CAACV,IAArB;AACD;AACF,GAND;;AAOA,SAAOA,IAAI,CAACc,MAAL,CAAY,KAAZ,CAAP;AACD,CAxBD;;AA0BAnB,aAAa,CAACoB,iCAAd,GACE,UAASC,eAAT,EAA0BC,cAA1B,EAA0C;AAC1C,QAAMjB,IAAI,GAAGR,MAAM,CAACS,UAAP,CAAkB,MAAlB,CAAb;AAEAD,EAAAA,IAAI,CAACM,MAAL,CAAYU,eAAZ,EAH0C,CAK1C;;AACA,QAAME,OAAO,GAAGC,MAAM,CAACC,IAAP,CAAYH,cAAZ,EAA4BI,IAA5B,EAAhB;;AACA,OAAK,IAAIC,MAAT,IAAmBJ,OAAnB,EAA4B;AAC1B,UAAMK,OAAO,GAAGN,cAAc,CAACK,MAAD,CAA9B;AACAtB,IAAAA,IAAI,CAACM,MAAL,CAAYgB,MAAZ;AACAtB,IAAAA,IAAI,CAACM,MAAL,CAAYiB,OAAZ;AACD;;AAED,SAAOvB,IAAI,CAACc,MAAL,CAAY,KAAZ,CAAP;AACD,CAfD","sourcesContent":["var crypto = Npm.require(\"crypto\");\n\nWebAppHashing = {};\n\n// Calculate a hash of all the client resources downloaded by the\n// browser, including the application HTML, runtime config, code, and\n// static files.\n//\n// This hash *must* change if any resources seen by the browser\n// change, and ideally *doesn't* change for any server-only changes\n// (but the second is a performance enhancement, not a hard\n// requirement).\n\nWebAppHashing.calculateClientHash =\n  function (manifest, includeFilter, runtimeConfigOverride) {\n  var hash = crypto.createHash('sha1');\n\n  // Omit the old hashed client values in the new hash. These may be\n  // modified in the new boilerplate.\n  var runtimeCfg = _.omit(__meteor_runtime_config__,\n    ['autoupdateVersion', 'autoupdateVersionRefreshable',\n     'autoupdateVersionCordova']);\n\n  if (runtimeConfigOverride) {\n    runtimeCfg = runtimeConfigOverride;\n  }\n\n  hash.update(JSON.stringify(runtimeCfg, 'utf8'));\n\n  _.each(manifest, function (resource) {\n      if ((! includeFilter || includeFilter(resource.type)) &&\n          (resource.where === 'client' || resource.where === 'internal')) {\n      hash.update(resource.path);\n      hash.update(resource.hash);\n    }\n  });\n  return hash.digest('hex');\n};\n\nWebAppHashing.calculateCordovaCompatibilityHash =\n  function(platformVersion, pluginVersions) {\n  const hash = crypto.createHash('sha1');\n\n  hash.update(platformVersion);\n\n  // Sort plugins first so iteration order doesn't affect the hash\n  const plugins = Object.keys(pluginVersions).sort();\n  for (let plugin of plugins) {\n    const version = pluginVersions[plugin];\n    hash.update(plugin);\n    hash.update(version);\n  }\n\n  return hash.digest('hex');\n};\n"]},"sourceType":"script","hash":"785d218968c2f94a7fef93981cb51d3e9b685f68"}
