{"metadata":{},"options":{"compact":false,"sourceMaps":true,"ast":true,"babelrc":false,"configFile":false,"parserOpts":{"sourceType":"module","sourceFileName":"/home/elad/meteorProj/packages/mongo/local_collection_driver.js","plugins":["*","flow","jsx","asyncGenerators","bigInt","classPrivateMethods","classPrivateProperties","classProperties","doExpressions","dynamicImport","exportDefaultFrom","exportExtensions","exportNamespaceFrom","functionBind","functionSent","importMeta","nullishCoalescingOperator","numericSeparator","objectRestSpread","optionalCatchBinding","optionalChaining",["pipelineOperator",{"proposal":"minimal"}],"throwExpressions","jsx",["flow",{}],["flow",{}],"objectRestSpread","objectRestSpread","dynamicImport","asyncGenerators","classProperties","classPrivateProperties"],"allowImportExportEverywhere":true,"allowReturnOutsideFunction":true,"strictMode":false},"caller":{"name":"meteor","arch":"os.linux.x86_64"},"sourceFileName":"packages/mongo/local_collection_driver.js","filename":"/home/elad/meteorProj/packages/mongo/local_collection_driver.js","passPerPreset":false,"envName":"development","cwd":"/home/elad/meteorProj","root":"/home/elad/meteorProj","plugins":[{"key":"transform-react-jsx","visitor":{"_exploded":{},"_verified":{},"JSXNamespacedName":{"enter":[null]},"JSXSpreadChild":{"enter":[null]},"JSXElement":{"exit":[null]},"JSXFragment":{"exit":[null]},"Program":{"enter":[null],"exit":[null]},"JSXAttribute":{"enter":[null]}},"options":{"pragma":"React.createElement","pragmaFrag":"React.Fragment","throwIfNamespace":true,"useBuiltIns":false}},{"key":"transform-react-display-name","visitor":{"ExportDefaultDeclaration":{"enter":[null]},"CallExpression":{"enter":[null]},"_exploded":true,"_verified":true},"options":{}},{"key":"base$0$0","visitor":{"Program":{"enter":[null]},"_exploded":true,"_verified":true},"options":{"generateLetDeclarations":true,"enforceStrictMode":false}},{"key":"syntax-flow","visitor":{"_exploded":true,"_verified":true},"options":{}},{"key":"transform-flow-strip-types","visitor":{"_exploded":{},"_verified":{},"Program":{"enter":[null]},"ImportDeclaration":{"enter":[null,null]},"ClassProperty":{"enter":[null]},"ClassPrivateProperty":{"enter":[null]},"AssignmentPattern":{"enter":[null]},"TypeCastExpression":{"enter":[null,null]},"CallExpression":{"enter":[null]},"OptionalCallExpression":{"enter":[null]},"NewExpression":{"enter":[null]},"ImportSpecifier":{"enter":[null]},"ClassDeclaration":{"enter":[null]},"ClassExpression":{"enter":[null]},"FunctionDeclaration":{"enter":[null]},"FunctionExpression":{"enter":[null]},"ObjectMethod":{"enter":[null]},"ArrowFunctionExpression":{"enter":[null]},"ClassMethod":{"enter":[null]},"ClassPrivateMethod":{"enter":[null]},"AnyTypeAnnotation":{"enter":[null]},"ArrayTypeAnnotation":{"enter":[null]},"BooleanTypeAnnotation":{"enter":[null]},"BooleanLiteralTypeAnnotation":{"enter":[null]},"NullLiteralTypeAnnotation":{"enter":[null]},"ClassImplements":{"enter":[null]},"DeclareClass":{"enter":[null]},"DeclareFunction":{"enter":[null]},"DeclareInterface":{"enter":[null]},"DeclareModule":{"enter":[null]},"DeclareModuleExports":{"enter":[null]},"DeclareTypeAlias":{"enter":[null]},"DeclareOpaqueType":{"enter":[null]},"DeclareVariable":{"enter":[null]},"DeclareExportDeclaration":{"enter":[null]},"DeclareExportAllDeclaration":{"enter":[null]},"DeclaredPredicate":{"enter":[null]},"ExistsTypeAnnotation":{"enter":[null]},"FunctionTypeAnnotation":{"enter":[null]},"FunctionTypeParam":{"enter":[null]},"GenericTypeAnnotation":{"enter":[null]},"InferredPredicate":{"enter":[null]},"InterfaceExtends":{"enter":[null]},"InterfaceDeclaration":{"enter":[null]},"InterfaceTypeAnnotation":{"enter":[null]},"IntersectionTypeAnnotation":{"enter":[null]},"MixedTypeAnnotation":{"enter":[null]},"EmptyTypeAnnotation":{"enter":[null]},"NullableTypeAnnotation":{"enter":[null]},"NumberLiteralTypeAnnotation":{"enter":[null]},"NumberTypeAnnotation":{"enter":[null]},"ObjectTypeAnnotation":{"enter":[null]},"ObjectTypeInternalSlot":{"enter":[null]},"ObjectTypeCallProperty":{"enter":[null]},"ObjectTypeIndexer":{"enter":[null]},"ObjectTypeProperty":{"enter":[null]},"ObjectTypeSpreadProperty":{"enter":[null]},"OpaqueType":{"enter":[null]},"QualifiedTypeIdentifier":{"enter":[null]},"StringLiteralTypeAnnotation":{"enter":[null]},"StringTypeAnnotation":{"enter":[null]},"ThisTypeAnnotation":{"enter":[null]},"TupleTypeAnnotation":{"enter":[null]},"TypeofTypeAnnotation":{"enter":[null]},"TypeAlias":{"enter":[null]},"TypeAnnotation":{"enter":[null]},"TypeParameter":{"enter":[null]},"TypeParameterDeclaration":{"enter":[null]},"TypeParameterInstantiation":{"enter":[null]},"UnionTypeAnnotation":{"enter":[null]},"Variance":{"enter":[null]},"VoidTypeAnnotation":{"enter":[null]},"ExportAllDeclaration":{"enter":[null]},"ExportDefaultDeclaration":{"enter":[null]},"ExportNamedDeclaration":{"enter":[null]}},"options":{}},{"key":"transform-runtime","visitor":{"CallExpression":{"enter":[null]},"BinaryExpression":{"enter":[null]},"MemberExpression":{"enter":[null],"exit":[null]},"_exploded":true,"_verified":true,"Identifier":{"enter":[null]},"JSXIdentifier":{"enter":[null]}},"options":{}},{"key":"syntax-object-rest-spread","visitor":{"_exploded":true,"_verified":true},"options":{}},{"key":"proposal-object-rest-spread","visitor":{"_exploded":{},"_verified":{},"VariableDeclarator":{"enter":[null]},"ExportNamedDeclaration":{"enter":[null]},"CatchClause":{"enter":[null]},"AssignmentExpression":{"enter":[null]},"ObjectExpression":{"enter":[null]},"FunctionDeclaration":{"enter":[null]},"FunctionExpression":{"enter":[null]},"ObjectMethod":{"enter":[null]},"ArrowFunctionExpression":{"enter":[null]},"ClassMethod":{"enter":[null]},"ClassPrivateMethod":{"enter":[null]},"ForInStatement":{"enter":[null]},"ForOfStatement":{"enter":[null]}},"options":{}},{"key":"transform-meteor-async-await","visitor":{"AwaitExpression":{"enter":[null]},"_exploded":true,"_verified":true,"FunctionDeclaration":{"exit":[null]},"FunctionExpression":{"exit":[null]},"ObjectMethod":{"exit":[null]},"ArrowFunctionExpression":{"exit":[null]},"ClassMethod":{"exit":[null]},"ClassPrivateMethod":{"exit":[null]}},"options":{"useNativeAsyncAwait":false}},{"key":"transform-meteor-dynamic-import","visitor":{"_exploded":{},"_verified":{},"CallExpression":{"enter":[null]}},"options":{}},{"key":"proposal-async-generator-functions","visitor":{"_exploded":{},"_verified":{},"Program":{"enter":[null]}},"options":{}},{"key":"transform-modules-commonjs","visitor":{"Program":{"exit":[null]},"_exploded":true,"_verified":true},"options":{"allowTopLevelThis":true,"strictMode":false,"loose":true}},{"key":"proposal-class-properties","visitor":{"PrivateName":{"enter":[null]},"ExportDefaultDeclaration":{"enter":[null]},"_exploded":true,"_verified":true,"ClassDeclaration":{"enter":[null]},"ClassExpression":{"enter":[null]}},"options":{"loose":true}}],"presets":[],"generatorOpts":{"filename":"/home/elad/meteorProj/packages/mongo/local_collection_driver.js","comments":true,"compact":false,"sourceMaps":true,"sourceFileName":"packages/mongo/local_collection_driver.js"}},"code":"module.export({\n  LocalCollectionDriver: () => LocalCollectionDriver\n});\nconst LocalCollectionDriver = new class LocalCollectionDriver {\n  constructor() {\n    this.noConnCollections = Object.create(null);\n  }\n\n  open(name, conn) {\n    if (!name) {\n      return new LocalCollection();\n    }\n\n    if (!conn) {\n      return ensureCollection(name, this.noConnCollections);\n    }\n\n    if (!conn._mongo_livedata_collections) {\n      conn._mongo_livedata_collections = Object.create(null);\n    } // XXX is there a way to keep track of a connection's collections without\n    // dangling it off the connection object?\n\n\n    return ensureCollection(name, conn._mongo_livedata_collections);\n  }\n\n}();\n\nfunction ensureCollection(name, collections) {\n  return name in collections ? collections[name] : collections[name] = new LocalCollection(name);\n}","map":{"version":3,"sources":["packages/mongo/local_collection_driver.js"],"names":["module","export","LocalCollectionDriver","constructor","noConnCollections","Object","create","open","name","conn","LocalCollection","ensureCollection","_mongo_livedata_collections","collections"],"mappings":"AAAAA,MAAM,CAACC,MAAP,CAAc;AAACC,EAAAA,qBAAqB,EAAC,MAAIA;AAA3B,CAAd;AACO,MAAMA,qBAAqB,GAAG,IAAK,MAAMA,qBAAN,CAA4B;AACpEC,EAAAA,WAAW,GAAG;AACZ,SAAKC,iBAAL,GAAyBC,MAAM,CAACC,MAAP,CAAc,IAAd,CAAzB;AACD;;AAEDC,EAAAA,IAAI,CAACC,IAAD,EAAOC,IAAP,EAAa;AACf,QAAI,CAAED,IAAN,EAAY;AACV,aAAO,IAAIE,eAAJ,EAAP;AACD;;AAED,QAAI,CAAED,IAAN,EAAY;AACV,aAAOE,gBAAgB,CAACH,IAAD,EAAO,KAAKJ,iBAAZ,CAAvB;AACD;;AAED,QAAI,CAAEK,IAAI,CAACG,2BAAX,EAAwC;AACtCH,MAAAA,IAAI,CAACG,2BAAL,GAAmCP,MAAM,CAACC,MAAP,CAAc,IAAd,CAAnC;AACD,KAXc,CAaf;AACA;;;AACA,WAAOK,gBAAgB,CAACH,IAAD,EAAOC,IAAI,CAACG,2BAAZ,CAAvB;AACD;;AArBmE,CAAjC,EAA9B;;AAwBP,SAASD,gBAAT,CAA0BH,IAA1B,EAAgCK,WAAhC,EAA6C;AAC3C,SAAQL,IAAI,IAAIK,WAAT,GACHA,WAAW,CAACL,IAAD,CADR,GAEHK,WAAW,CAACL,IAAD,CAAX,GAAoB,IAAIE,eAAJ,CAAoBF,IAApB,CAFxB;AAGD","sourcesContent":["// singleton\nexport const LocalCollectionDriver = new (class LocalCollectionDriver {\n  constructor() {\n    this.noConnCollections = Object.create(null);\n  }\n\n  open(name, conn) {\n    if (! name) {\n      return new LocalCollection;\n    }\n\n    if (! conn) {\n      return ensureCollection(name, this.noConnCollections);\n    }\n\n    if (! conn._mongo_livedata_collections) {\n      conn._mongo_livedata_collections = Object.create(null);\n    }\n\n    // XXX is there a way to keep track of a connection's collections without\n    // dangling it off the connection object?\n    return ensureCollection(name, conn._mongo_livedata_collections);\n  }\n});\n\nfunction ensureCollection(name, collections) {\n  return (name in collections)\n    ? collections[name]\n    : collections[name] = new LocalCollection(name);\n}\n"]},"sourceType":"script","hash":"7b75dd31487a5b319e469a2fec113ec7a54a0976"}
