{"metadata":{},"options":{"compact":false,"sourceMaps":true,"ast":true,"babelrc":false,"configFile":false,"parserOpts":{"sourceType":"module","sourceFileName":"/home/elad/meteorProj/packages/binary-heap/min-max-heap.js","plugins":["*","flow","jsx","asyncGenerators","bigInt","classPrivateMethods","classPrivateProperties","classProperties","doExpressions","dynamicImport","exportDefaultFrom","exportExtensions","exportNamespaceFrom","functionBind","functionSent","importMeta","nullishCoalescingOperator","numericSeparator","objectRestSpread","optionalCatchBinding","optionalChaining",["pipelineOperator",{"proposal":"minimal"}],"throwExpressions","jsx",["flow",{}],["flow",{}],"objectRestSpread","objectRestSpread","dynamicImport","asyncGenerators","classProperties","classPrivateProperties"],"allowImportExportEverywhere":true,"allowReturnOutsideFunction":true,"strictMode":false},"caller":{"name":"meteor","arch":"os.linux.x86_64"},"sourceFileName":"packages/binary-heap/min-max-heap.js","filename":"/home/elad/meteorProj/packages/binary-heap/min-max-heap.js","passPerPreset":false,"envName":"development","cwd":"/home/elad/meteorProj","root":"/home/elad/meteorProj","plugins":[{"key":"transform-react-jsx","visitor":{"_exploded":{},"_verified":{},"JSXNamespacedName":{"enter":[null]},"JSXSpreadChild":{"enter":[null]},"JSXElement":{"exit":[null]},"JSXFragment":{"exit":[null]},"Program":{"enter":[null],"exit":[null]},"JSXAttribute":{"enter":[null]}},"options":{"pragma":"React.createElement","pragmaFrag":"React.Fragment","throwIfNamespace":true,"useBuiltIns":false}},{"key":"transform-react-display-name","visitor":{"ExportDefaultDeclaration":{"enter":[null]},"CallExpression":{"enter":[null]},"_exploded":true,"_verified":true},"options":{}},{"key":"base$0$0","visitor":{"Program":{"enter":[null]},"_exploded":true,"_verified":true},"options":{"generateLetDeclarations":true,"enforceStrictMode":false}},{"key":"syntax-flow","visitor":{"_exploded":true,"_verified":true},"options":{}},{"key":"transform-flow-strip-types","visitor":{"_exploded":{},"_verified":{},"Program":{"enter":[null]},"ImportDeclaration":{"enter":[null,null]},"ClassProperty":{"enter":[null]},"ClassPrivateProperty":{"enter":[null]},"AssignmentPattern":{"enter":[null]},"TypeCastExpression":{"enter":[null,null]},"CallExpression":{"enter":[null]},"OptionalCallExpression":{"enter":[null]},"NewExpression":{"enter":[null]},"ImportSpecifier":{"enter":[null]},"ClassDeclaration":{"enter":[null]},"ClassExpression":{"enter":[null]},"FunctionDeclaration":{"enter":[null]},"FunctionExpression":{"enter":[null]},"ObjectMethod":{"enter":[null]},"ArrowFunctionExpression":{"enter":[null]},"ClassMethod":{"enter":[null]},"ClassPrivateMethod":{"enter":[null]},"AnyTypeAnnotation":{"enter":[null]},"ArrayTypeAnnotation":{"enter":[null]},"BooleanTypeAnnotation":{"enter":[null]},"BooleanLiteralTypeAnnotation":{"enter":[null]},"NullLiteralTypeAnnotation":{"enter":[null]},"ClassImplements":{"enter":[null]},"DeclareClass":{"enter":[null]},"DeclareFunction":{"enter":[null]},"DeclareInterface":{"enter":[null]},"DeclareModule":{"enter":[null]},"DeclareModuleExports":{"enter":[null]},"DeclareTypeAlias":{"enter":[null]},"DeclareOpaqueType":{"enter":[null]},"DeclareVariable":{"enter":[null]},"DeclareExportDeclaration":{"enter":[null]},"DeclareExportAllDeclaration":{"enter":[null]},"DeclaredPredicate":{"enter":[null]},"ExistsTypeAnnotation":{"enter":[null]},"FunctionTypeAnnotation":{"enter":[null]},"FunctionTypeParam":{"enter":[null]},"GenericTypeAnnotation":{"enter":[null]},"InferredPredicate":{"enter":[null]},"InterfaceExtends":{"enter":[null]},"InterfaceDeclaration":{"enter":[null]},"InterfaceTypeAnnotation":{"enter":[null]},"IntersectionTypeAnnotation":{"enter":[null]},"MixedTypeAnnotation":{"enter":[null]},"EmptyTypeAnnotation":{"enter":[null]},"NullableTypeAnnotation":{"enter":[null]},"NumberLiteralTypeAnnotation":{"enter":[null]},"NumberTypeAnnotation":{"enter":[null]},"ObjectTypeAnnotation":{"enter":[null]},"ObjectTypeInternalSlot":{"enter":[null]},"ObjectTypeCallProperty":{"enter":[null]},"ObjectTypeIndexer":{"enter":[null]},"ObjectTypeProperty":{"enter":[null]},"ObjectTypeSpreadProperty":{"enter":[null]},"OpaqueType":{"enter":[null]},"QualifiedTypeIdentifier":{"enter":[null]},"StringLiteralTypeAnnotation":{"enter":[null]},"StringTypeAnnotation":{"enter":[null]},"ThisTypeAnnotation":{"enter":[null]},"TupleTypeAnnotation":{"enter":[null]},"TypeofTypeAnnotation":{"enter":[null]},"TypeAlias":{"enter":[null]},"TypeAnnotation":{"enter":[null]},"TypeParameter":{"enter":[null]},"TypeParameterDeclaration":{"enter":[null]},"TypeParameterInstantiation":{"enter":[null]},"UnionTypeAnnotation":{"enter":[null]},"Variance":{"enter":[null]},"VoidTypeAnnotation":{"enter":[null]},"ExportAllDeclaration":{"enter":[null]},"ExportDefaultDeclaration":{"enter":[null]},"ExportNamedDeclaration":{"enter":[null]}},"options":{}},{"key":"transform-runtime","visitor":{"CallExpression":{"enter":[null]},"BinaryExpression":{"enter":[null]},"MemberExpression":{"enter":[null],"exit":[null]},"_exploded":true,"_verified":true,"Identifier":{"enter":[null]},"JSXIdentifier":{"enter":[null]}},"options":{}},{"key":"syntax-object-rest-spread","visitor":{"_exploded":true,"_verified":true},"options":{}},{"key":"proposal-object-rest-spread","visitor":{"_exploded":{},"_verified":{},"VariableDeclarator":{"enter":[null]},"ExportNamedDeclaration":{"enter":[null]},"CatchClause":{"enter":[null]},"AssignmentExpression":{"enter":[null]},"ObjectExpression":{"enter":[null]},"FunctionDeclaration":{"enter":[null]},"FunctionExpression":{"enter":[null]},"ObjectMethod":{"enter":[null]},"ArrowFunctionExpression":{"enter":[null]},"ClassMethod":{"enter":[null]},"ClassPrivateMethod":{"enter":[null]},"ForInStatement":{"enter":[null]},"ForOfStatement":{"enter":[null]}},"options":{}},{"key":"transform-meteor-async-await","visitor":{"AwaitExpression":{"enter":[null]},"_exploded":true,"_verified":true,"FunctionDeclaration":{"exit":[null]},"FunctionExpression":{"exit":[null]},"ObjectMethod":{"exit":[null]},"ArrowFunctionExpression":{"exit":[null]},"ClassMethod":{"exit":[null]},"ClassPrivateMethod":{"exit":[null]}},"options":{"useNativeAsyncAwait":false}},{"key":"transform-meteor-dynamic-import","visitor":{"_exploded":{},"_verified":{},"CallExpression":{"enter":[null]}},"options":{}},{"key":"proposal-async-generator-functions","visitor":{"_exploded":{},"_verified":{},"Program":{"enter":[null]}},"options":{}},{"key":"transform-modules-commonjs","visitor":{"Program":{"exit":[null]},"_exploded":true,"_verified":true},"options":{"allowTopLevelThis":true,"strictMode":false,"loose":true}},{"key":"proposal-class-properties","visitor":{"PrivateName":{"enter":[null]},"ExportDefaultDeclaration":{"enter":[null]},"_exploded":true,"_verified":true,"ClassDeclaration":{"enter":[null]},"ClassExpression":{"enter":[null]}},"options":{"loose":true}}],"presets":[],"generatorOpts":{"filename":"/home/elad/meteorProj/packages/binary-heap/min-max-heap.js","comments":true,"compact":false,"sourceMaps":true,"sourceFileName":"packages/binary-heap/min-max-heap.js"}},"code":"module.export({\n  MinMaxHeap: () => MinMaxHeap\n});\nlet MaxHeap;\nmodule.link(\"./max-heap.js\", {\n  MaxHeap(v) {\n    MaxHeap = v;\n  }\n\n}, 0);\nlet MinHeap;\nmodule.link(\"./min-heap.js\", {\n  MinHeap(v) {\n    MinHeap = v;\n  }\n\n}, 1);\n\nclass MinMaxHeap extends MaxHeap {\n  constructor(comparator, options) {\n    super(comparator, options);\n    this._minHeap = new MinHeap(comparator, options);\n  }\n\n  set(...args) {\n    super.set(...args);\n\n    this._minHeap.set(...args);\n  }\n\n  remove(...args) {\n    super.remove(...args);\n\n    this._minHeap.remove(...args);\n  }\n\n  clear(...args) {\n    super.clear(...args);\n\n    this._minHeap.clear(...args);\n  }\n\n  setDefault(...args) {\n    super.setDefault(...args);\n    return this._minHeap.setDefault(...args);\n  }\n\n  clone() {\n    const clone = new MinMaxHeap(this._comparator, this._heap);\n    return clone;\n  }\n\n  minElementId() {\n    return this._minHeap.minElementId();\n  }\n\n}\n\n;","map":{"version":3,"sources":["packages/binary-heap/min-max-heap.js"],"names":["module","export","MinMaxHeap","MaxHeap","link","v","MinHeap","constructor","comparator","options","_minHeap","set","args","remove","clear","setDefault","clone","_comparator","_heap","minElementId"],"mappings":"AAAAA,MAAM,CAACC,MAAP,CAAc;AAACC,EAAAA,UAAU,EAAC,MAAIA;AAAhB,CAAd;AAA2C,IAAIC,OAAJ;AAAYH,MAAM,CAACI,IAAP,CAAY,eAAZ,EAA4B;AAACD,EAAAA,OAAO,CAACE,CAAD,EAAG;AAACF,IAAAA,OAAO,GAACE,CAAR;AAAU;;AAAtB,CAA5B,EAAoD,CAApD;AAAuD,IAAIC,OAAJ;AAAYN,MAAM,CAACI,IAAP,CAAY,eAAZ,EAA4B;AAACE,EAAAA,OAAO,CAACD,CAAD,EAAG;AAACC,IAAAA,OAAO,GAACD,CAAR;AAAU;;AAAtB,CAA5B,EAAoD,CAApD;;AAenH,MAAMH,UAAN,SAAyBC,OAAzB,CAAiC;AACtCI,EAAAA,WAAW,CAACC,UAAD,EAAaC,OAAb,EAAsB;AAC/B,UAAMD,UAAN,EAAkBC,OAAlB;AACA,SAAKC,QAAL,GAAgB,IAAIJ,OAAJ,CAAYE,UAAZ,EAAwBC,OAAxB,CAAhB;AACD;;AAEDE,EAAAA,GAAG,CAAC,GAAGC,IAAJ,EAAU;AACX,UAAMD,GAAN,CAAU,GAAGC,IAAb;;AACA,SAAKF,QAAL,CAAcC,GAAd,CAAkB,GAAGC,IAArB;AACD;;AAEDC,EAAAA,MAAM,CAAC,GAAGD,IAAJ,EAAU;AACd,UAAMC,MAAN,CAAa,GAAGD,IAAhB;;AACA,SAAKF,QAAL,CAAcG,MAAd,CAAqB,GAAGD,IAAxB;AACD;;AAEDE,EAAAA,KAAK,CAAC,GAAGF,IAAJ,EAAU;AACb,UAAME,KAAN,CAAY,GAAGF,IAAf;;AACA,SAAKF,QAAL,CAAcI,KAAd,CAAoB,GAAGF,IAAvB;AACD;;AAEDG,EAAAA,UAAU,CAAC,GAAGH,IAAJ,EAAU;AAClB,UAAMG,UAAN,CAAiB,GAAGH,IAApB;AACA,WAAO,KAAKF,QAAL,CAAcK,UAAd,CAAyB,GAAGH,IAA5B,CAAP;AACD;;AAEDI,EAAAA,KAAK,GAAG;AACN,UAAMA,KAAK,GAAG,IAAId,UAAJ,CAAe,KAAKe,WAApB,EAAiC,KAAKC,KAAtC,CAAd;AACA,WAAOF,KAAP;AACD;;AAEDG,EAAAA,YAAY,GAAG;AACb,WAAO,KAAKT,QAAL,CAAcS,YAAd,EAAP;AACD;;AAjCqC;;AAmCvC","sourcesContent":["import { MaxHeap } from './max-heap.js';\nimport { MinHeap } from './min-heap.js';\n\n// This implementation of Min/Max-Heap is just a subclass of Max-Heap\n// with a Min-Heap as an encapsulated property.\n//\n// Most of the operations are just proxy methods to call the same method on both\n// heaps.\n//\n// This implementation takes 2*N memory but is fairly simple to write and\n// understand. And the constant factor of a simple Heap is usually smaller\n// compared to other two-way priority queues like Min/Max Heaps\n// (http://www.cs.otago.ac.nz/staffpriv/mike/Papers/MinMaxHeaps/MinMaxHeaps.pdf)\n// and Interval Heaps\n// (http://www.cise.ufl.edu/~sahni/dsaac/enrich/c13/double.htm)\nexport class MinMaxHeap extends MaxHeap {\n  constructor(comparator, options) {\n    super(comparator, options);\n    this._minHeap = new MinHeap(comparator, options);\n  }\n\n  set(...args) {\n    super.set(...args);\n    this._minHeap.set(...args);\n  }\n\n  remove(...args) {\n    super.remove(...args);\n    this._minHeap.remove(...args);\n  }\n\n  clear(...args) {\n    super.clear(...args);\n    this._minHeap.clear(...args);\n  }\n\n  setDefault(...args) {\n    super.setDefault(...args);\n    return this._minHeap.setDefault(...args);\n  }\n\n  clone() {\n    const clone = new MinMaxHeap(this._comparator, this._heap);\n    return clone;\n  }\n\n  minElementId() {\n    return this._minHeap.minElementId();\n  }\n\n};\n"]},"sourceType":"script","hash":"e3b628b406e1c8f31c3a79434e41993b50f43914"}
